Cod_Funcionario;Funcionario;Sexo;Data_Admissao;Cargo;Data_Cargo;Cod_Escala;Escala;Cod_C_Custo;Centro_Custo;Cod_T_Contrato;Tipo_Contrato;Cod_Estado_Civil;Estado_Civil;Cod_Escolaridade;Escolaridade;Data_Nascimento;Cod_Nacionalidade;Nacionalidade;Cod_Raca;Raca;Valor_Salario;Data_Salario;Cod_Situacao;Situacao;Data_Afastamento;Cod_Causa_Afastamento;Causa_Afastamento
1330;CLAUDVAN SANTANDER FONTES;M;06/01/2016;330-OPERADOR DE PONTE ROLANTE;11/01/2016;1;08-18 seg-qui / 08-17 sex ADM;L302503;CONTRATO 062;1;Empregado;1;Solteiro;9;Superior Completo;16/12/1991;10;Brasileiro;1;Branca;1400;06/01/2016;7;Demitido;02/03/2016;5;Culpa Reciproca
1331;EDINICIA ROMA MARQUES;F;11/01/2016;126001-OPERADOR DE CARGA;06/08/2018;21;12-18/06-12/22-05 REV 6x2 PRO;L402051;CONTRATO 016;1;Empregado;2;Casado;6;Ensino Médio Incompleto;08/07/1991;10;Brasileiro;1;Branca;1929.61;03/05/2019;2;Férias;;0;
1332;ANICLEIA HORA BRAGANÇA;F;18/01/2016;1002-DIRETOR COMERCIAL;01/05/2019;1;08-18 seg-qui / 08-17 sex ADM;L301001;DIREÇÃO COMERCIAL ;1;Empregado;2;Casado;9;Superior Completo;04/06/1982;10;Brasileiro;1;Branca;22546.42;02/05/2019;1;Trabalhando;;0;
1334;ITALMIRA MACEDO SILVA;F;18/01/2016;419-GESTOR DE CLIENTES;18/01/2016;1;08-18 seg-qui / 08-17 sex ADM;L302502;ARMAZEM DE PRODUTOS 042;1;Empregado;2;Casado;9;Superior Completo;31/10/1972;10;Brasileiro;1;Branca;3745;01/05/2016;7;Demitido;13/04/2016;2;Inic.Empresa s/ Justa Causa
1336;CLEOCILENE CARMO BRAGA;F;25/01/2016;17002-ANALISTA FISCAL JUNIOR;01/10/2017;1;08-18 seg-qui / 08-17 sex ADM;L102002;CONTRATO 001;1;Empregado;1;Solteiro;9;Superior Completo;21/04/1993;10;Brasileiro;1;Branca;3803;04/05/2019;1;Trabalhando;;0;
1341;MUSABIN SANTANA ALCÂNTARA;M;01/02/2016;59001-ESTAGIARIO;01/10/2017;8;08-15 seg-sex EST;L104001;CONTRATO 030;5;Estagiário;1;Solteiro;6;Ensino Médio Incompleto;16/04/1998;10;Brasileiro;1;Branca;900;01/02/2017;7;Demitido;31/01/2018;12;Fim do Contrato de Trabalho
1342;DORINHO PESTANA RAMALHETE;M;10/02/2016;446-ESTAGIARIO;23/01/2017;1;08-18 seg-qui / 08-17 sex ADM;L102002;CONTRATO 001;5;Estagiário;1;Solteiro;7;Ensino Médio Completo;03/05/1998;10;Brasileiro;4;Parda;600;10/02/2016;7;Demitido;16/12/2016;3;Inic.Empregado c/ Justa Causa
1347;ADEVILSON MORO PORTO;M;15/02/2016;507-ANALISTA RECURSOS HUMANOS;15/02/2016;1;08-18 seg-qui / 08-17 sex ADM;L103001;ADMINISTRAÇÃO;1;Empregado;1;Solteiro;9;Superior Completo;02/09/1987;10;Brasileiro;1;Branca;3370.5;01/06/2017;7;Demitido;30/08/2017;2;Inic.Empresa s/ Justa Causa
1349;ANTUZIA ZAMPOL PAIXÃO;F;22/02/2016;63001-GESTOR DE CLIENTES I;04/01/2018;1;08-18 seg-qui / 08-17 sex ADM;L302002;ARMAZEM DE PRODUTOS 035;1;Empregado;1;Solteiro;9;Superior Completo;07/12/1989;10;Brasileiro;1;Branca;3471.62;01/05/2018;7;Demitido;14/08/2018;2;Inic.Empresa s/ Justa Causa
1352;ADRIEU COIMBRA COENTRÃO;M;11/03/2016;330-OPERADOR DE PONTE ROLANTE;11/03/2016;1;08-18 seg-qui / 08-17 sex ADM;L402071;CONTRATO 021;1;Empregado;1;Solteiro;6;Ensino Médio Incompleto;18/07/1991;10;Brasileiro;1;Branca;1531.73;01/05/2016;7;Demitido;10/07/2016;2;Inic.Empresa s/ Justa Causa
1353;IDELMON URIBE VILELA;M;11/03/2016;76001-OPERADOR DE PONTE ROLANTE I;01/10/2017;14;08-18 seg-qui / 08-17 sex PRO;L402071;CONTRATO 021;1;Empregado;1;Solteiro;5;Ensino Fundamental Completo;15/10/1990;10;Brasileiro;1;Branca;1786.69;03/05/2019;1;Trabalhando;;0;
1356;TIAGA GUIMARÃES SERRA;M;01/04/2016;426-GESTOR DE PROJETOS;01/04/2016;1;08-18 seg-qui / 08-17 sex ADM;L302802;ARMAZEM DE PRODUTOS 046;1;Empregado;1;Solteiro;9;Superior Completo;23/01/1988;10;Brasileiro;1;Branca;6724.48;03/05/2019;7;Demitido;08/07/2019;2;Inic.Empresa s/ Justa Causa
1357;EDVANES BUENO MAGALHÃES;M;04/04/2016;74-GESTOR DE CLIENTES;04/04/2016;1;08-18 seg-qui / 08-17 sex ADM;L302302;ARMAZEM DE PRODUTOS 045;1;Empregado;2;Casado;9;Superior Completo;28/02/1987;10;Brasileiro;1;Branca;3932.25;01/06/2017;7;Demitido;04/06/2016;5;Culpa Reciproca
1360;ANABELE NOGUEIRA ALVARENGA;F;04/04/2016;240-AUXILIAR ADMINISTRATIVO;04/04/2016;1;08-18 seg-qui / 08-17 sex ADM;L103001;ADMINISTRAÇÃO;1;Empregado;2;Casado;9;Superior Completo;27/07/1985;10;Brasileiro;1;Branca;1249.46;01/06/2017;7;Demitido;01/09/2017;2;Inic.Empresa s/ Justa Causa
1362;GIANCARLOS ANES MARTINS;M;04/04/2016;14002-ASSISTENTE ADM. COMERCIAL PL;01/10/2017;1;08-18 seg-qui / 08-17 sex ADM;L301002;CONTRATO 059;1;Empregado;2;Casado;9;Superior Completo;21/02/1988;10;Brasileiro;1;Branca;3241.27;03/05/2019;7;Demitido;03/04/2020;4;Inic.Empregado s/ Justa Causa
1363;AGENILTON RODRIGUES CAMÕES;M;04/04/2016;125001-OPERADOR DE PONTE CENTER;01/03/2019;1;08-18 seg-qui / 08-17 sex ADM;L302503;CONTRATO 062;1;Empregado;2;Casado;4;6º ao 9º Incompleto Ens.Fund.;27/06/1984;10;Brasileiro;1;Branca;1747.35;03/05/2019;7;Demitido;31/03/2020;2;Inic.Empresa s/ Justa Causa
1365;AFIF PEDROSO RANGEL;M;11/04/2016;1002-DIRETOR COMERCIAL;01/10/2017;1;08-18 seg-qui / 08-17 sex ADM;L301001;DIREÇÃO COMERCIAL ;1;Empregado;2;Casado;9;Superior Completo;09/05/1974;10;Brasileiro;1;Branca;25872;24/05/2018;7;Demitido;01/04/2019;2;Inic.Empresa s/ Justa Causa
1366;ANDRESCA NOGUEIRA PERES;F;11/04/2016;277-ESTAGIARIO EM GERAL;11/04/2016;1;08-18 seg-qui / 08-17 sex ADM;L102002;CONTRATO 001;5;Estagiário;1;Solteiro;8;Superior Incompleto;24/11/1988;10;Brasileiro;1;Branca;900;09/01/2017;7;Demitido;25/09/2016;3;Inic.Empregado c/ Justa Causa
1367;ELMIS LUZ URIBE;M;11/04/2016;277-ESTAGIARIO EM GERAL;11/04/2016;1;08-18 seg-qui / 08-17 sex ADM;L102002;CONTRATO 001;5;Estagiário;1;Solteiro;8;Superior Incompleto;20/10/1995;10;Brasileiro;1;Branca;900;23/01/2017;7;Demitido;08/05/2016;2;Inic.Empresa s/ Justa Causa
1369;JARDENE MALAFAIA PORTUGAL;F;11/04/2016;277-ESTAGIARIO EM GERAL;11/04/2016;1;08-18 seg-qui / 08-17 sex ADM;L102002;CONTRATO 001;5;Estagiário;1;Solteiro;8;Superior Incompleto;16/02/1995;10;Brasileiro;1;Branca;900;09/01/2017;7;Demitido;11/10/2016;2;Inic.Empresa s/ Justa Causa
1370;DAURENICE CARMO SERRA;F;11/04/2016;244-RESPONSAVEL GERAL DE ARMAZEM;11/04/2016;1;08-18 seg-qui / 08-17 sex ADM;L302803;CONTRATO 066;1;Empregado;5;Concubinato;9;Superior Completo;07/09/1978;10;Brasileiro;1;Branca;4240;01/05/2016;7;Demitido;07/06/2016;2;Inic.Empresa s/ Justa Causa
1371;ISMERALDA TEIXEIRA MORAIS;F;18/04/2016;227-APRENDIZ ADMINISTRATIVO;18/04/2016;1;08-18 seg-qui / 08-17 sex ADM;L401005;ARMAZEM DE PRODUTOS 049;6;Aprendiz;1;Solteiro;6;Ensino Médio Incompleto;23/03/2001;10;Brasileiro;1;Branca;491.93;01/06/2017;7;Demitido;03/08/2017;12;Fim do Contrato de Trabalho
1372;AVANI MORO GONÇALES;F;18/04/2016;227-APRENDIZ ADMINISTRATIVO;02/06/2017;1;08-18 seg-qui / 08-17 sex ADM;L102002;CONTRATO 001;6;Aprendiz;1;Solteiro;6;Ensino Médio Incompleto;08/11/1998;10;Brasileiro;1;Branca;468.5;09/01/2017;7;Demitido;02/07/2016;5;Culpa Reciproca
1374;GERALD GALVÃO SANTACRUZ;M;18/04/2016;227-APRENDIZ ADMINISTRATIVO;18/04/2016;1;08-18 seg-qui / 08-17 sex ADM;L102002;CONTRATO 001;6;Aprendiz;1;Solteiro;4;6º ao 9º Incompleto Ens.Fund.;04/02/2001;10;Brasileiro;1;Branca;491.93;01/06/2017;7;Demitido;03/08/2017;12;Fim do Contrato de Trabalho
1380;CLOUDOALDO CAMARGO BRAGA;M;03/05/2016;227-APRENDIZ ADMINISTRATIVO;03/05/2016;1;08-18 seg-qui / 08-17 sex ADM;L104001;CONTRATO 030;6;Aprendiz;1;Solteiro;6;Ensino Médio Incompleto;07/07/2000;10;Brasileiro;1;Branca;491.93;01/06/2017;7;Demitido;16/08/2017;12;Fim do Contrato de Trabalho
1381;CRISTOVAM SANTANDER BRAGA;M;03/05/2016;227-APRENDIZ ADMINISTRATIVO;03/05/2016;1;08-18 seg-qui / 08-17 sex ADM;L104001;CONTRATO 030;6;Aprendiz;1;Solteiro;6;Ensino Médio Incompleto;09/09/2000;10;Brasileiro;1;Branca;491.93;01/06/2017;7;Demitido;16/08/2017;12;Fim do Contrato de Trabalho
1382;ELIESLEY FALQUETO MELLO;M;13/05/2016;388-AJUDANTE DE OVAÇÃO;13/05/2016;1;08-18 seg-qui / 08-17 sex ADM;L402101;CONTRATO 011;1;Empregado;1;Solteiro;7;Ensino Médio Completo;18/03/1985;10;Brasileiro;1;Branca;1164.05;01/06/2017;7;Demitido;21/08/2016;2;Inic.Empresa s/ Justa Causa
1383;LANDES ÁLVARES ADORNO;M;16/05/2016;371-ASSISTENTE ADMINISTRATIVO;16/05/2016;1;08-18 seg-qui / 08-17 sex ADM;L302501;CONTRATO 022;1;Empregado;1;Solteiro;7;Ensino Médio Completo;25/08/1988;10;Brasileiro;1;Branca;1926;17/05/2016;7;Demitido;14/08/2016;2;Inic.Empresa s/ Justa Causa
1384;EVANCLEI EXALTAÇÃO PACHECO;M;18/05/2016;419-GESTOR DE CLIENTES;18/05/2016;1;08-18 seg-qui / 08-17 sex ADM;L302202;ARMAZEM DE PRODUTOS 034;1;Empregado;1;Solteiro;9;Superior Completo;06/05/1977;10;Brasileiro;1;Branca;3745;01/08/2016;7;Demitido;16/10/2016;5;Culpa Reciproca
1385;ISAMO ASSIS HUNGRIA;M;23/05/2016;80001-PLANIFICADOR DE PRODUÇÃO I;01/10/2017;1;08-18 seg-qui / 08-17 sex ADM;L303000;CONTRATO 012;1;Empregado;1;Solteiro;9;Superior Completo;08/06/1978;35;Espanhol;1;Branca;12110.88;02/05/2019;7;Demitido;08/08/2019;2;Inic.Empresa s/ Justa Causa
1386;ADIMAR JUNQUEIRA BRASILIENSE;M;23/05/2016;398-ESTAGIARIO TEC SEG TRABALHO;23/05/2016;1;08-18 seg-qui / 08-17 sex ADM;L103002;CONTRATO 003;5;Estagiário;1;Solteiro;7;Ensino Médio Completo;08/01/1992;10;Brasileiro;1;Branca;650;23/05/2016;7;Demitido;29/07/2016;2;Inic.Empresa s/ Justa Causa
1390;CIDINEIDE PEIXOTO SARAIVA;F;13/06/2016;76001-OPERADOR DE PONTE ROLANTE I;01/10/2017;14;08-18 seg-qui / 08-17 sex PRO;L402101;CONTRATO 011;1;Empregado;2;Casado;7;Ensino Médio Completo;07/05/1987;10;Brasileiro;1;Branca;1700.47;01/05/2018;7;Demitido;12/11/2018;2;Inic.Empresa s/ Justa Causa
1394;ADRIAN CASTILHO BOLSONARO;M;13/06/2016;76001-OPERADOR DE PONTE ROLANTE I;01/10/2017;14;08-18 seg-qui / 08-17 sex PRO;L402101;CONTRATO 011;1;Empregado;2;Casado;6;Ensino Médio Incompleto;01/11/1977;10;Brasileiro;1;Branca;1786.69;03/05/2019;2;Férias;;0;
1396;ADENORA ANCHIETA FIGO;F;14/06/2016;79-PLANIFICADOR DE DEMANDA;01/10/2017;1;08-18 seg-qui / 08-17 sex ADM;L301002;CONTRATO 059;1;Empregado;1;Solteiro;9;Superior Completo;05/01/1990;10;Brasileiro;1;Branca;3241.27;03/05/2019;1;Trabalhando;;0;
1399;AMNE FARO GALVÃO;F;16/06/2016;73-OPERADOR DE LINHA DE RESINA;28/05/2018;22;06-12/12-18/22-05 REV 6x2 PRO;L402061;CONTRATO 023;1;Empregado;2;Casado;6;Ensino Médio Incompleto;17/01/1994;10;Brasileiro;1;Branca;2081.4;03/05/2019;1;Trabalhando;;0;
1400;AIDES ARRUDA GATO;F;16/06/2016;341-RETOCADOR;12/05/2017;1;08-18 seg-qui / 08-17 sex ADM;L402095;CONTRATO 153;1;Empregado;1;Solteiro;6;Ensino Médio Incompleto;27/05/1995;10;Brasileiro;1;Branca;1650.93;01/06/2017;7;Demitido;18/08/2016;2;Inic.Empresa s/ Justa Causa
1401;EKAMDEEP SANTIAGO MÉDICI;M;16/06/2016;29001-AJUDANTE OPERADOR DE MULTIFIO;27/05/2019;21;12-18/06-12/22-05 REV 6x2 PRO;L420411;CONTRATO 032;1;Empregado;1;Solteiro;7;Ensino Médio Completo;04/10/1981;10;Brasileiro;1;Branca;1862.4;27/05/2019;1;Trabalhando;;0;
1404;AYLAN FERREIRA SANTANA;M;16/06/2016;78001-OVADOR DE CONTAINNER I;01/02/2018;14;08-18 seg-qui / 08-17 sex PRO;L402101;CONTRATO 011;1;Empregado;1;Solteiro;7;Ensino Médio Completo;10/01/1985;10;Brasileiro;1;Branca;2159.26;03/05/2019;1;Trabalhando;;0;
1405;DEUSAMARA ALVIM ANJOS;F;20/06/2016;371-ASSISTENTE ADMINISTRATIVO;20/06/2016;1;08-18 seg-qui / 08-17 sex ADM;L302601;CONTRATO 014;1;Empregado;1;Solteiro;7;Ensino Médio Completo;25/01/1982;10;Brasileiro;1;Branca;2000;20/06/2016;7;Demitido;23/07/2016;7;Transferencia p/ Outra Filial
1406;YAEKO BERNARDES FRANÇA;F;28/06/2016;277-ESTAGIARIO EM GERAL;03/07/2017;1;08-18 seg-qui / 08-17 sex ADM;L303000;CONTRATO 012;5;Estagiário;1;Solteiro;8;Superior Incompleto;08/02/1997;10;Brasileiro;1;Branca;900;09/01/2017;7;Demitido;26/06/2017;12;Fim do Contrato de Trabalho
1409;KANJI TRINDADE CARVALHAL;M;04/07/2016;242-AUXILIAR DE FATURAMENTO;04/07/2016;1;08-18 seg-qui / 08-17 sex ADM;L301002;CONTRATO 059;1;Empregado;2;Casado;9;Superior Completo;01/08/1979;10;Brasileiro;1;Branca;1647.53;09/01/2017;7;Demitido;01/10/2016;2;Inic.Empresa s/ Justa Causa
1410;NEEMIAS PESTANA BRAGANÇA;M;04/07/2016;87001-RETOCADOR I;01/10/2017;22;06-12/12-18/22-05 REV 6x2 PRO;L402095;CONTRATO 153;1;Empregado;2;Casado;6;Ensino Médio Incompleto;29/03/1979;10;Brasileiro;1;Branca;1786.69;03/05/2019;1;Trabalhando;;0;
1412;RUBÉN AMOR BRAGANÇA;M;11/07/2016;27001-AJUDANTE DE LAMINAÇÃO;01/10/2017;19;12-18/06-12/22-05 seg-sáb PRO;L420410;CONTRATO 031;1;Empregado;3;Divorciado;4;6º ao 9º Incompleto Ens.Fund.;13/06/1972;10;Brasileiro;1;Branca;1745.14;03/05/2019;7;Demitido;24/05/2019;2;Inic.Empresa s/ Justa Causa
1413;CLAUDEVALDO LEITÃO FREIRE;M;20/06/2016;14002-ASSISTENTE ADM. COMERCIAL PL;01/10/2017;14;08-18 seg-qui / 08-17 sex PRO;L302601;CONTRATO 014;1;Empregado;1;Solteiro;7;Ensino Médio Completo;25/01/1982;10;Brasileiro;1;Branca;2314.41;01/05/2018;7;Demitido;05/04/2019;2;Inic.Empresa s/ Justa Causa
1420;HYUN PEIXOTO CARNEIRO;M;25/07/2016;330-OPERADOR DE PONTE ROLANTE;25/07/2016;1;08-18 seg-qui / 08-17 sex ADM;L402051;CONTRATO 016;1;Empregado;3;Divorciado;4;6º ao 9º Incompleto Ens.Fund.;25/07/1970;10;Brasileiro;1;Branca;1531.73;01/08/2016;7;Demitido;14/09/2016;2;Inic.Empresa s/ Justa Causa
1425;AUGUTO CARVALHOSA ENCARNAÇÃO;M;01/08/2016;251-AUXILIAR FINANCEIRO;01/08/2016;1;08-18 seg-qui / 08-17 sex ADM;L102002;CONTRATO 001;1;Empregado;1;Solteiro;8;Superior Incompleto;18/03/1996;10;Brasileiro;1;Branca;1658.5;01/08/2016;7;Demitido;26/11/2016;2;Inic.Empresa s/ Justa Causa
1426;VERISIMO DORNELES ANTUNES;M;08/08/2016;330-OPERADOR DE PONTE ROLANTE;08/08/2016;1;08-18 seg-qui / 08-17 sex ADM;L402101;CONTRATO 011;1;Empregado;1;Solteiro;7;Ensino Médio Completo;05/12/1984;10;Brasileiro;1;Branca;1531.72;08/08/2016;7;Demitido;09/11/2016;24;Transferência por Sucessão
1428;ANALZIRA VALADARES AMIGO;F;08/08/2016;100001-ASSISTENTE INDUSTRIAL MATRIZ;01/02/2018;14;08-18 seg-qui / 08-17 sex PRO;L402101;CONTRATO 011;1;Empregado;1;Solteiro;7;Ensino Médio Completo;04/04/1984;10;Brasileiro;1;Branca;3017.81;03/05/2019;1;Trabalhando;;0;
1430;ARICLENE CHAVES LEITÃO;M;08/08/2016;330-OPERADOR DE PONTE ROLANTE;08/08/2016;1;08-18 seg-qui / 08-17 sex ADM;L402101;CONTRATO 011;1;Empregado;2;Casado;7;Ensino Médio Completo;28/04/1973;10;Brasileiro;1;Branca;1650.94;01/06/2017;7;Demitido;25/10/2016;5;Culpa Reciproca
1437;ANIBAS SANTACRUZ LINS;M;15/08/2016;59001-ESTAGIARIO;01/10/2017;9;10-17 seg-sex EST;L201001;CONTRATO 018;5;Estagiário;1;Solteiro;8;Superior Incompleto;07/10/1994;10;Brasileiro;1;Branca;1442;01/05/2018;7;Demitido;30/06/2018;12;Fim do Contrato de Trabalho
1439;EDICESAR FAGUNDES FARIAS;M;24/08/2016;85001-RESPONSAVEL FISCAL I;01/10/2017;14;08-18 seg-qui / 08-17 sex PRO;L102002;CONTRATO 001;1;Empregado;2;Casado;9;Superior Completo;27/09/1985;10;Brasileiro;1;Branca;9506;04/05/2019;1;Trabalhando;;0;
1440;ADRENALINA BRANDÃO PENTEADO;F;05/09/2016;20001-AUX.FATURAMENTO JR;01/10/2017;14;08-18 seg-qui / 08-17 sex PRO;L301002;CONTRATO 059;1;Empregado;1;Solteiro;6;Ensino Médio Incompleto;24/04/1999;10;Brasileiro;1;Branca;1710.02;03/05/2019;7;Demitido;06/02/2020;26;Rescisão Acordo Entre Partes
1444;DULCEMEIRE ALTAMIRANO AMORIM;F;06/09/2016;126001-OPERADOR DE CARGA;27/08/2018;21;12-18/06-12/22-05 REV 6x2 PRO;L402051;CONTRATO 016;1;Empregado;1;Solteiro;7;Ensino Médio Completo;25/06/1983;10;Brasileiro;1;Branca;1929.61;03/05/2019;1;Trabalhando;;0;
1445;EVANDREA ZAMPOL BRANDÃO;F;06/09/2016;88001-SELECIONADOR CHAP. MARMORE GRANITO I;15/04/2019;19;12-18/06-12/22-05 seg-sáb PRO;L402071;CONTRATO 021;1;Empregado;2;Casado;7;Ensino Médio Completo;01/01/1984;10;Brasileiro;1;Branca;1892.86;03/05/2019;2;Férias;;0;
1446;BENVINO ADORNO MORAES;M;06/09/2016;419-GESTOR DE CLIENTES;06/09/2016;1;08-18 seg-qui / 08-17 sex ADM;L302802;ARMAZEM DE PRODUTOS 046;1;Empregado;2;Casado;9;Superior Completo;15/09/1976;10;Brasileiro;1;Branca;5250;01/06/2017;7;Demitido;01/09/2017;4;Inic.Empregado s/ Justa Causa
1447;KATSUMI CAMINHA MARIZ;M;12/09/2016;78001-OVADOR DE CONTAINNER I;01/10/2017;14;08-18 seg-qui / 08-17 sex PRO;L402101;CONTRATO 011;1;Empregado;1;Solteiro;7;Ensino Médio Completo;05/05/1987;10;Brasileiro;1;Branca;2055.06;01/05/2018;7;Demitido;29/03/2019;2;Inic.Empresa s/ Justa Causa
1448;CLEUDENILSON ALTAMIRANO ARRUDA;M;27/09/2016;102001-GESTOR DE PROJETOS;01/10/2017;1;08-18 seg-qui / 08-17 sex ADM;L302102;ARMAZEM DE PRODUTOS 037;1;Empregado;1;Solteiro;9;Superior Completo;18/12/1987;10;Brasileiro;1;Branca;5253.5;03/05/2019;7;Demitido;04/11/2019;2;Inic.Empresa s/ Justa Causa
1449;BIRAELSON BERNADES VARELA;M;03/10/2016;80001-PLANIFICADOR DE PRODUÇÃO I;24/06/2019;14;08-18 seg-qui / 08-17 sex PRO;L303000;CONTRATO 012;1;Empregado;1;Solteiro;9;Superior Completo;28/02/1991;10;Brasileiro;1;Branca;8125;24/06/2019;1;Trabalhando;;0;
1450;LEOATLE MELO ANCHIETA;M;03/10/2016;444-AUXILIAR DE LOGISTICA;03/10/2016;1;08-18 seg-qui / 08-17 sex ADM;L401006;CONTRATO 086;1;Empregado;1;Solteiro;8;Superior Incompleto;06/01/1992;10;Brasileiro;1;Branca;1800;03/10/2016;7;Demitido;08/01/2017;2;Inic.Empresa s/ Justa Causa
1451;CLAUNICE BASTOS QUEIROZ;F;03/10/2016;63001-GESTOR DE CLIENTES I;01/10/2017;1;08-18 seg-qui / 08-17 sex ADM;L302302;ARMAZEM DE PRODUTOS 045;1;Empregado;2;Casado;9;Superior Completo;28/09/1977;10;Brasileiro;1;Branca;3932.25;01/06/2017;7;Demitido;11/09/2017;2;Inic.Empresa s/ Justa Causa
1452;CAI CURADO FIGUEIREDO;M;03/10/2016;63001-GESTOR DE CLIENTES I;01/10/2017;1;08-18 seg-qui / 08-17 sex ADM;L302502;ARMAZEM DE PRODUTOS 042;1;Empregado;2;Casado;9;Superior Completo;21/12/1987;10;Brasileiro;1;Branca;4255.57;03/05/2019;7;Demitido;22/08/2019;2;Inic.Empresa s/ Justa Causa
1454;TAUNAY VIEIRA VASCONCELOS;M;19/10/2016;44001-CONTROLADOR DE MATERIAL I;02/05/2019;14;08-18 seg-qui / 08-17 sex PRO;L402101;CONTRATO 011;1;Empregado;3;Divorciado;6;Ensino Médio Incompleto;27/01/1978;10;Brasileiro;1;Branca;2159.26;03/05/2019;7;Demitido;10/06/2020;7;Transferencia p/ Outra Filial
1455;MASLOVA USTRA SANTANA;F;19/10/2016;76001-OPERADOR DE PONTE ROLANTE I;01/10/2017;14;08-18 seg-qui / 08-17 sex PRO;L402051;CONTRATO 016;1;Empregado;1;Solteiro;6;Ensino Médio Incompleto;25/11/1982;10;Brasileiro;1;Branca;1929.61;03/05/2019;7;Demitido;04/06/2019;2;Inic.Empresa s/ Justa Causa
1456;DÁVI RAMALHETE BATISTA;M;19/10/2016;82001-RESINADOR I;17/02/2020;22;06-12/12-18/22-05 REV 6x2 PRO;L402061;CONTRATO 023;1;Empregado;1;Solteiro;7;Ensino Médio Completo;12/03/1985;10;Brasileiro;1;Branca;2364.89;17/02/2020;1;Trabalhando;;0;
1458;ALINE ASSIS BERNARDES;F;26/10/2016;87001-RETOCADOR I;01/10/2017;16;06-13/14-21/22-05 seg-sáb PRO;L402095;CONTRATO 153;1;Empregado;2;Casado;7;Ensino Médio Completo;20/08/1980;10;Brasileiro;1;Branca;1700.47;01/05/2018;7;Demitido;08/10/2018;2;Inic.Empresa s/ Justa Causa
1459;DEIVED FALEIROS NOGUEIRA;M;07/11/2016;63001-GESTOR DE CLIENTES I;01/10/2017;1;08-18 seg-qui / 08-17 sex ADM;L302002;ARMAZEM DE PRODUTOS 035;1;Empregado;1;Solteiro;8;Superior Incompleto;26/12/1972;10;Brasileiro;1;Branca;4628.82;01/05/2018;7;Demitido;08/04/2019;2;Inic.Empresa s/ Justa Causa
1460;BISMACK FALÓPIO DIEGUES;M;07/11/2016;63001-GESTOR DE CLIENTES I;01/10/2017;1;08-18 seg-qui / 08-17 sex ADM;L302802;ARMAZEM DE PRODUTOS 046;1;Empregado;1;Solteiro;9;Superior Completo;05/07/1988;10;Brasileiro;1;Branca;6300;01/06/2017;7;Demitido;16/02/2018;4;Inic.Empregado s/ Justa Causa
1461;MELISIA POLICARPO CARNEIRO;F;07/11/2016;63001-GESTOR DE CLIENTES I;01/10/2017;1;08-18 seg-qui / 08-17 sex ADM;L302102;ARMAZEM DE PRODUTOS 037;1;Empregado;2;Casado;9;Superior Completo;04/02/1974;10;Brasileiro;1;Branca;5397.59;03/05/2019;1;Trabalhando;;0;
1462;THESLEY PAIXÃO RIBEIRO;M;10/11/2016;71001-MECANICO DE MANUTENÇÃO I;01/10/2017;14;08-18 seg-qui / 08-17 sex PRO;L402031;CONTRATO 017;1;Empregado;2;Casado;4;6º ao 9º Incompleto Ens.Fund.;03/09/1972;10;Brasileiro;1;Branca;3383.55;01/05/2018;7;Demitido;13/12/2018;4;Inic.Empregado s/ Justa Causa
1463;ITAN ANTUNES MUNIZ;M;21/11/2016;125001-OPERADOR DE PONTE CENTER;01/07/2019;14;08-18 seg-qui / 08-17 sex PRO;L302803;CONTRATO 066;1;Empregado;2;Casado;4;6º ao 9º Incompleto Ens.Fund.;19/10/1980;10;Brasileiro;1;Branca;2301.12;01/07/2019;1;Trabalhando;;0;
1475;ADEVANIR CAMINHA FERRAZ;M;09/01/2017;76001-OPERADOR DE PONTE ROLANTE I;01/10/2017;17;06-13/14-21/22-05 REV 6x2 PRO;L402051;CONTRATO 016;1;Empregado;2;Casado;7;Ensino Médio Completo;05/02/9982;10;Brasileiro;1;Branca;1700.47;01/05/2018;7;Demitido;08/05/2018;2;Inic.Empresa s/ Justa Causa
1476;VRADEMIR ZAMPOL LOCATELLI;M;09/01/2017;82001-RESINADOR I;01/02/2019;37;08-16/22-05 seg-sáb manut;L402061;CONTRATO 023;1;Empregado;1;Solteiro;6;Ensino Médio Incompleto;24/11/1986;10;Brasileiro;1;Branca;2364.89;03/05/2019;1;Trabalhando;;0;
1477;DEVALMIR URIBE EVANGELISTA;M;09/01/2017;82001-RESINADOR I;01/02/2019;37;08-16/22-05 seg-sáb manut;L402061;CONTRATO 023;1;Empregado;1;Solteiro;7;Ensino Médio Completo;10/10/1995;10;Brasileiro;1;Branca;2364.89;03/05/2019;1;Trabalhando;;0;
1478;CLEUCINEIA TAVARES FIORAVANTE;F;09/01/2017;75002-OPERADOR DE POLITRIZ II;27/04/2020;42;06 AS 12/22-05/12AS18;L402051;CONTRATO 016;1;Empregado;7;União Estável;7;Ensino Médio Completo;02/08/1985;10;Brasileiro;1;Branca;2613.29;27/04/2020;1;Trabalhando;;0;
1479;ALVANILDA MÉDICI HORA;F;09/01/2017;75002-OPERADOR DE POLITRIZ II;26/08/2019;14;08-18 seg-qui / 08-17 sex PRO;L402051;CONTRATO 016;1;Empregado;3;Divorciado;7;Ensino Médio Completo;03/12/1981;10;Brasileiro;1;Branca;2613.29;26/08/2019;1;Trabalhando;;0;
1480;ARUNA CASTILHO PARGA;F;09/01/2017;56001-ENGENHEIRO DE MANUTENÇÃO I;01/10/2017;14;08-18 seg-qui / 08-17 sex PRO;L402011;CONTRATO 013;1;Empregado;1;Solteiro;9;Superior Completo;18/04/1985;10;Brasileiro;1;Branca;6489;01/05/2018;7;Demitido;02/05/2018;2;Inic.Empresa s/ Justa Causa
1483;ABEL PINTO NEVES;M;09/01/2017;63001-GESTOR DE CLIENTES I;05/09/2019;1;08-18 seg-qui / 08-17 sex ADM;L302802;ARMAZEM DE PRODUTOS 046;1;Empregado;1;Solteiro;9;Superior Completo;07/11/1991;10;Brasileiro;1;Branca;4500;05/09/2019;1;Trabalhando;;0;
1488;KATIEL SACRAMENTO ADÃES;M;23/01/2017;240-AUXILIAR ADMINISTRATIVO;23/01/2017;1;08-18 seg-qui / 08-17 sex ADM;L102002;CONTRATO 001;1;Empregado;1;Solteiro;7;Ensino Médio Completo;03/05/1998;10;Brasileiro;4;Parda;1014.83;01/06/2017;7;Demitido;09/04/2017;2;Inic.Empresa s/ Justa Causa
1491;IDERLAN PEDROSO PRADO;M;01/02/2017;66001-LIDER DE EXPEDIÇÃO I;01/11/2019;14;08-18 seg-qui / 08-17 sex PRO;L402101;CONTRATO 011;1;Empregado;2;Casado;4;6º ao 9º Incompleto Ens.Fund.;01/12/1986;10;Brasileiro;1;Branca;2402.53;10/03/2020;7;Demitido;10/06/2020;7;Transferencia p/ Outra Filial
1499;ADEN PACHECO PEDROSA;M;06/03/2017;14001-ASSISTENTE ADM. COMERCIAL JR;01/10/2017;1;08-18 seg-qui / 08-17 sex ADM;L302801;CONTRATO 027;1;Empregado;1;Solteiro;7;Ensino Médio Completo;26/12/1991;10;Brasileiro;1;Branca;1946.7;01/05/2018;7;Demitido;04/06/2018;1;Inic.Empresa c/ Justa Causa
1500;ANGELUCE BANDEIRA NORONHA;F;06/03/2017;59001-ESTAGIARIO;01/10/2017;10;11-18 seg-qui / 10-17 sex EST;L103002;CONTRATO 003;5;Estagiário;1;Solteiro;7;Ensino Médio Completo;28/04/1995;10;Brasileiro;1;Branca;600;06/03/2017;7;Demitido;05/03/2018;1;Inic.Empresa c/ Justa Causa
1503;EUTALIO SOARES MARTINS;M;13/03/2017;277-ESTAGIARIO EM GERAL;13/03/2017;1;08-18 seg-qui / 08-17 sex ADM;L102002;CONTRATO 001;5;Estagiário;1;Solteiro;8;Superior Incompleto;24/01/1993;10;Brasileiro;1;Branca;900;13/03/2017;7;Demitido;27/07/2017;3;Inic.Empregado c/ Justa Causa
1504;FRANCICARLA ARAÚJO BARROSO;F;13/03/2017;63001-GESTOR DE CLIENTES I;01/10/2017;1;08-18 seg-qui / 08-17 sex ADM;L302002;ARMAZEM DE PRODUTOS 035;1;Empregado;1;Solteiro;9;Superior Completo;11/07/1981;10;Brasileiro;1;Branca;4109.7;01/05/2018;7;Demitido;01/02/2019;7;Transferencia p/ Outra Filial
1507;LAISSA FIORAVANTE FONSECA;F;13/03/2017;63001-GESTOR DE CLIENTES I;01/10/2017;1;08-18 seg-qui / 08-17 sex ADM;L302602;ARMAZEM DE PRODUTOS 036;1;Empregado;1;Solteiro;9;Superior Completo;17/05/1977;10;Brasileiro;1;Branca;3990;01/06/2017;7;Demitido;28/11/2017;2;Inic.Empresa s/ Justa Causa
1508;ADREAN LEME ABREU;M;02/03/2017;14001-ASSISTENTE ADM. COMERCIAL JR;01/10/2017;14;08-18 seg-qui / 08-17 sex PRO;L301002;CONTRATO 059;1;Empregado;6;Separado;7;Ensino Médio Completo;10/08/1983;10;Brasileiro;1;Branca;2163;01/05/2018;7;Demitido;21/08/2018;2;Inic.Empresa s/ Justa Causa
1509;ALONCIO FERNANDES BANDEIRA;M;27/03/2017;109001-GERENTE COMERCIAL BREM;04/01/2018;1;08-18 seg-qui / 08-17 sex ADM;L302002;ARMAZEM DE PRODUTOS 035;1;Empregado;2;Casado;9;Superior Completo;15/09/1978;10;Brasileiro;1;Branca;8693.46;01/05/2018;7;Demitido;04/09/2018;2;Inic.Empresa s/ Justa Causa
1511;ANDERCLEISON NANTES CHAVES;M;04/04/2017;14001-ASSISTENTE ADM. COMERCIAL JR;01/10/2017;14;08-18 seg-qui / 08-17 sex PRO;L301002;CONTRATO 059;1;Empregado;1;Solteiro;9;Superior Completo;07/10/1995;36;Norte-americano(EUA);1;Branca;1890;01/06/2017;7;Demitido;06/11/2017;2;Inic.Empresa s/ Justa Causa
1512;ADELVINA FRANÇA GARRASTAZU;F;05/04/2017;11001-APRENDIZ SERV.ADMINISTRATIVO;01/10/2017;12;13:00-17:00 s-sx APRENDIZ;L301002;CONTRATO 059;6;Aprendiz;1;Solteiro;6;Ensino Médio Incompleto;20/01/2001;10;Brasileiro;4;Parda;491.93;01/06/2017;7;Demitido;27/07/2018;12;Fim do Contrato de Trabalho
1513;JANESON FAGUNDES ANJOS;M;05/04/2017;11001-APRENDIZ SERV.ADMINISTRATIVO;01/10/2017;12;13:00-17:00 s-sx APRENDIZ;L102002;CONTRATO 001;6;Aprendiz;1;Solteiro;6;Ensino Médio Incompleto;27/08/1999;10;Brasileiro;1;Branca;491.93;01/06/2017;7;Demitido;27/07/2018;12;Fim do Contrato de Trabalho
1514;AVIDES BISPO COENTRÃO;M;05/04/2017;11001-APRENDIZ SERV.ADMINISTRATIVO;01/10/2017;18;08:00 - 12:00 seg-sex APR;L102002;CONTRATO 001;6;Aprendiz;1;Solteiro;6;Ensino Médio Incompleto;16/10/2001;10;Brasileiro;1;Branca;491.93;01/06/2017;7;Demitido;27/07/2018;12;Fim do Contrato de Trabalho
1516;MARCO TAVARES ENCARNAÇÃO;M;05/04/2017;11001-APRENDIZ SERV.ADMINISTRATIVO;01/10/2017;18;08:00 - 12:00 seg-sex APR;L401005;ARMAZEM DE PRODUTOS 049;6;Aprendiz;1;Solteiro;6;Ensino Médio Incompleto;25/10/2000;10;Brasileiro;1;Branca;491.93;01/06/2017;7;Demitido;27/07/2018;12;Fim do Contrato de Trabalho
1519;ANERI SAMPEDRO GONÇALES;F;05/04/2017;11001-APRENDIZ SERV.ADMINISTRATIVO;01/10/2017;18;08:00 - 12:00 seg-sex APR;L301002;CONTRATO 059;6;Aprendiz;1;Solteiro;4;6º ao 9º Incompleto Ens.Fund.;01/10/2001;10;Brasileiro;1;Branca;491.93;01/06/2017;7;Demitido;27/07/2018;12;Fim do Contrato de Trabalho
1522;ABELARDA VIANA PEDROSA;F;19/04/2017;63001-GESTOR DE CLIENTES I;01/10/2017;1;08-18 seg-qui / 08-17 sex ADM;L302602;ARMAZEM DE PRODUTOS 036;1;Empregado;1;Solteiro;9;Superior Completo;20/02/1989;10;Brasileiro;1;Branca;3244.5;01/05/2018;7;Demitido;28/11/2018;2;Inic.Empresa s/ Justa Causa
1523;INGRIND ROMA GUIMARÃES;F;03/05/2017;73-OPERADOR DE LINHA DE RESINA;29/07/2019;37;08-16/22-05 seg-sáb manut;L402061;CONTRATO 023;1;Empregado;2;Casado;6;Ensino Médio Incompleto;13/08/19849;10;Brasileiro;1;Branca;2081.4;29/07/2019;1;Trabalhando;;0;
1525;ADEMIO MADURO MOREIRA;M;03/05/2017;39001-AUXILIAR MANUTENÇÃO ELÉTRICA I;01/10/2017;13;07-17 seg-qui / 07-16 sex COP;L402031;CONTRATO 017;1;Empregado;2;Casado;7;Ensino Médio Completo;23/10/1981;10;Brasileiro;1;Branca;1704.5;03/05/2019;1;Trabalhando;;0;
1527;ARNELIO OLIVA PAPANICOLAU;M;02/05/2017;63001-GESTOR DE CLIENTES I;01/10/2017;1;08-18 seg-qui / 08-17 sex ADM;L302102;ARMAZEM DE PRODUTOS 037;1;Empregado;2;Casado;9;Superior Completo;14/11/1977;10;Brasileiro;1;Branca;4260.2;01/06/2017;7;Demitido;14/08/2017;4;Inic.Empregado s/ Justa Causa
1528;NICANDRO MORATO PEREIRA;M;08/05/2017;94001-TECNICO DE FRONT-OFFICE JR;01/10/2017;1;08-18 seg-qui / 08-17 sex ADM;L303000;CONTRATO 012;1;Empregado;2;Casado;9;Superior Completo;23/10/1982;35;Espanhol;1;Branca;4575.24;01/05/2018;7;Demitido;02/08/2018;4;Inic.Empregado s/ Justa Causa
1533;ARUKIA NÓBREGA BRASILIENSE;F;01/06/2017;18001-ASSISTENTE FINANCEIRO JR;01/10/2017;1;08-18 seg-qui / 08-17 sex ADM;L102001;CONTRATO 134;1;Empregado;1;Solteiro;8;Superior Incompleto;20/10/1995;10;Brasileiro;1;Branca;2302;04/05/2019;1;Trabalhando;;0;
1534;ACIRIO ALBUQUERQUE MAIRINQUE;M;01/06/2017;17001-ASSISTENTE FISCAL JR;01/10/2017;1;08-18 seg-qui / 08-17 sex ADM;L102002;CONTRATO 001;1;Empregado;1;Solteiro;8;Superior Incompleto;16/02/1995;10;Brasileiro;1;Branca;2802;04/05/2019;1;Trabalhando;;0;
1535;CIDMARA SARAGOÇA GARRASTAZU;F;02/06/2017;59001-ESTAGIARIO;01/10/2017;8;08-15 seg-sex EST;L102002;CONTRATO 001;5;Estagiário;1;Solteiro;6;Ensino Médio Incompleto;08/11/1998;10;Brasileiro;1;Branca;600;02/06/2017;7;Demitido;20/04/2018;12;Fim do Contrato de Trabalho
1536;ANTONIO GOUVEIA CARVALHAL;M;07/06/2017;76001-OPERADOR DE PONTE ROLANTE I;01/10/2017;19;12-18/06-12/22-05 seg-sáb PRO;L402071;CONTRATO 021;1;Empregado;2;Casado;7;Ensino Médio Completo;11/08/1983;10;Brasileiro;1;Branca;1786.69;03/05/2019;1;Trabalhando;;0;
1537;EDILAZIA TRINDADE BRAGA;F;14/06/2017;87001-RETOCADOR I;01/10/2017;17;06-13/14-21/22-05 REV 6x2 PRO;L402095;CONTRATO 153;1;Empregado;1;Solteiro;7;Ensino Médio Completo;11/05/1994;10;Brasileiro;4;Parda;1786.68;03/05/2019;7;Demitido;24/06/2019;2;Inic.Empresa s/ Justa Causa
1538;OSTAP NUNES MONTEIRO;M;14/06/2017;87001-RETOCADOR I;01/02/2018;17;06-13/14-21/22-05 REV 6x2 PRO;L402095;CONTRATO 153;1;Empregado;2;Casado;7;Ensino Médio Completo;13/05/1990;10;Brasileiro;4;Parda;1786.69;03/05/2019;7;Demitido;10/10/2019;2;Inic.Empresa s/ Justa Causa
1539;ZYAN HERNANDES MOREIRA;M;14/06/2017;87001-RETOCADOR I;28/05/2018;22;06-12/12-18/22-05 REV 6x2 PRO;L402095;CONTRATO 153;1;Empregado;1;Solteiro;7;Ensino Médio Completo;14/01/1987;10;Brasileiro;1;Branca;1786.69;03/05/2019;2;Férias;;0;
1540;ANADILSON OUTEIRO FIGUEIREDO;M;22/06/2017;73-OPERADOR DE LINHA DE RESINA;26/10/2018;22;06-12/12-18/22-05 REV 6x2 PRO;L402061;CONTRATO 023;1;Empregado;2;Casado;6;Ensino Médio Incompleto;07/09/1986;10;Brasileiro;1;Branca;2081.4;03/05/2019;1;Trabalhando;;0;
1542;AGNELIO ANCHIETA TRINDADE;M;22/06/2017;87001-RETOCADOR I;01/11/2017;22;06-12/12-18/22-05 REV 6x2 PRO;L402095;CONTRATO 153;1;Empregado;2;Casado;7;Ensino Médio Completo;10/04/1987;10;Brasileiro;4;Parda;1700.47;01/05/2018;7;Demitido;31/08/2018;2;Inic.Empresa s/ Justa Causa
1544;CHARLETON FROTA ALELUIA;M;22/06/2017;457-ANALISTA DEP. PESSOAL;22/06/2017;1;08-18 seg-qui / 08-17 sex ADM;L103001;ADMINISTRAÇÃO;1;Empregado;2;Casado;9;Superior Completo;08/03/1981;10;Brasileiro;4;Parda;3500;22/06/2017;7;Demitido;22/10/2017;3;Inic.Empregado c/ Justa Causa
1545;ADEISE VASQUES HERNANDES;F;26/06/2017;59001-ESTAGIARIO;01/10/2017;8;08-15 seg-sex EST;L102002;CONTRATO 001;5;Estagiário;1;Solteiro;8;Superior Incompleto;16/01/1996;10;Brasileiro;1;Branca;900;26/06/2017;7;Demitido;15/03/2018;12;Fim do Contrato de Trabalho
1546;EDEVANILDO BRASIL PASQUIM;M;26/06/2017;59001-ESTAGIARIO;01/10/2017;8;08-15 seg-sex EST;L102002;CONTRATO 001;5;Estagiário;2;Casado;8;Superior Incompleto;28/07/1994;10;Brasileiro;1;Branca;900;26/06/2017;7;Demitido;31/12/2017;1;Inic.Empresa c/ Justa Causa
1547;CELERINO SAMPAIO GONÇALES;M;03/07/2017;35002-ASSISTENTE COMEX;13/05/2019;1;08-18 seg-qui / 08-17 sex ADM;L301002;CONTRATO 059;1;Empregado;1;Solteiro;8;Superior Incompleto;08/02/1997;10;Brasileiro;1;Branca;2731.82;03/05/2019;1;Trabalhando;;0;
1549;PEDRO CARNAVAL POETA;M;17/07/2017;4002-ANALISTA ADM. PESSOAL PL;01/10/2017;1;08-18 seg-qui / 08-17 sex ADM;L103001;ADMINISTRAÇÃO;1;Empregado;2;Casado;9;Superior Completo;05/01/1980;10;Brasileiro;1;Branca;3090;17/07/2017;7;Demitido;06/04/2018;2;Inic.Empresa s/ Justa Causa
1550;ANGELES RAMALHO CASTRO;F;17/07/2017;132001-ANALISTA DE CONTROLADORIA JR;03/02/2020;14;08-18 seg-qui / 08-17 sex PRO;L102003;ARMAZEM DE PRODUTOS 055;1;Empregado;1;Solteiro;8;Superior Incompleto;24/01/1993;10;Brasileiro;1;Branca;2852;04/05/2019;2;Férias;;0;
1552;BAIANO MOREIRA FIORAVANTE;M;01/08/2017;59001-ESTAGIARIO;01/10/2017;8;08-15 seg-sex EST;L102002;CONTRATO 001;5;Estagiário;1;Solteiro;8;Superior Incompleto;13/06/1994;10;Brasileiro;1;Branca;900;01/08/2017;7;Demitido;31/07/2019;12;Fim do Contrato de Trabalho
1553;JASIELE PATRIOTA BUENO;F;11/08/2017;76001-OPERADOR DE PONTE ROLANTE I;01/10/2017;14;08-18 seg-qui / 08-17 sex PRO;L402101;CONTRATO 011;1;Empregado;1;Solteiro;7;Ensino Médio Completo;18/09/1990;10;Brasileiro;4;Parda;1786.69;03/05/2019;2;Férias;;0;
1554;ADNAUER NAVARRO BORGES;M;14/08/2017;59001-ESTAGIARIO;01/10/2017;8;08-15 seg-sex EST;L401005;ARMAZEM DE PRODUTOS 049;5;Estagiário;1;Solteiro;6;Ensino Médio Incompleto;23/03/2001;10;Brasileiro;1;Branca;600;14/08/2017;7;Demitido;20/02/2018;4;Inic.Empregado s/ Justa Causa
1556;ANGILENE DIAS FARIA;F;17/08/2017;59001-ESTAGIARIO;01/10/2017;8;08-15 seg-sex EST;L104001;CONTRATO 030;5;Estagiário;1;Solteiro;6;Ensino Médio Incompleto;09/09/2000;10;Brasileiro;4;Parda;600;17/08/2017;7;Demitido;08/03/2018;12;Fim do Contrato de Trabalho
1558;NIDOLFO GONÇALES SERRANO;M;01/09/2017;12001-ASSISTENTE REC. HUMANOS JR;01/10/2017;1;08-18 seg-qui / 08-17 sex ADM;L103001;ADMINISTRAÇÃO;1;Empregado;2;Casado;7;Ensino Médio Completo;23/03/1999;10;Brasileiro;1;Branca;1286.95;01/05/2018;7;Demitido;30/08/2018;4;Inic.Empregado s/ Justa Causa
1559;GUY ABREU MARQUES;M;11/09/2017;63001-GESTOR DE CLIENTES I;01/10/2017;1;08-18 seg-qui / 08-17 sex ADM;L302302;ARMAZEM DE PRODUTOS 045;1;Empregado;1;Solteiro;9;Superior Completo;31/03/1980;10;Brasileiro;1;Branca;4255.57;03/05/2019;1;Trabalhando;;0;
1560;FRANCENILTON CONSTANTE ARAGÃO;M;11/09/2017;63001-GESTOR DE CLIENTES I;01/10/2017;1;08-18 seg-qui / 08-17 sex ADM;L302302;ARMAZEM DE PRODUTOS 045;1;Empregado;1;Solteiro;8;Superior Incompleto;01/10/1986;10;Brasileiro;1;Branca;4255.57;03/05/2019;1;Trabalhando;;0;
1561;WAGNER NEGREIROS ANES;M;11/09/2017;102001-GESTOR DE PROJETOS;01/10/2017;1;08-18 seg-qui / 08-17 sex ADM;L302302;ARMAZEM DE PRODUTOS 045;1;Empregado;7;União Estável;9;Superior Completo;11/11/1983;10;Brasileiro;1;Branca;4050.22;01/05/2018;7;Demitido;19/06/2018;4;Inic.Empregado s/ Justa Causa
1562;MARTINHO HOMEM MENDES;M;11/09/2017;63001-GESTOR DE CLIENTES I;01/10/2017;1;08-18 seg-qui / 08-17 sex ADM;L302802;ARMAZEM DE PRODUTOS 046;1;Empregado;7;União Estável;9;Superior Completo;12/10/1985;10;Brasileiro;1;Branca;6586;05/09/2019;1;Trabalhando;;0;
1563;EDNEUDO TRINDADE FALEIROS;M;14/09/2017;11001-APRENDIZ SERV.ADMINISTRATIVO;01/10/2017;12;13:00-17:00 s-sx APRENDIZ;L102002;CONTRATO 001;6;Aprendiz;1;Solteiro;6;Ensino Médio Incompleto;16/07/2000;10;Brasileiro;1;Branca;499;01/01/2019;7;Demitido;09/01/2019;12;Fim do Contrato de Trabalho
1564;LEDSON ALVARENGA RODRIGUES;M;14/09/2017;11001-APRENDIZ SERV.ADMINISTRATIVO;01/10/2017;38;14:00 as 18:00 aprendizagem;L102002;CONTRATO 001;6;Aprendiz;1;Solteiro;6;Ensino Médio Incompleto;15/05/2002;10;Brasileiro;1;Branca;499;01/01/2019;7;Demitido;09/01/2019;12;Fim do Contrato de Trabalho
1566;LAUDAIR FIGUEIRA PEDROSA;F;14/09/2017;11001-APRENDIZ SERV.ADMINISTRATIVO;01/10/2017;18;08:00 - 12:00 seg-sex APR;L103001;ADMINISTRAÇÃO;6;Aprendiz;1;Solteiro;6;Ensino Médio Incompleto;30/12/2000;10;Brasileiro;4;Parda;499;01/01/2019;7;Demitido;09/01/2019;12;Fim do Contrato de Trabalho
1567;ALMIRON MORATO FURQUIM;M;14/09/2017;11001-APRENDIZ SERV.ADMINISTRATIVO;01/10/2017;38;14:00 as 18:00 aprendizagem;L401005;ARMAZEM DE PRODUTOS 049;6;Aprendiz;1;Solteiro;6;Ensino Médio Incompleto;18/05/2000;10;Brasileiro;1;Branca;499;01/01/2019;7;Demitido;09/01/2019;12;Fim do Contrato de Trabalho
1568;ABDORAL ALTAMIRANO CURADO;M;14/09/2017;11001-APRENDIZ SERV.ADMINISTRATIVO;01/10/2017;18;08:00 - 12:00 seg-sex APR;L104001;CONTRATO 030;6;Aprendiz;1;Solteiro;6;Ensino Médio Incompleto;19/04/2001;10;Brasileiro;0;Não Informado;499;01/01/2019;7;Demitido;09/01/2019;12;Fim do Contrato de Trabalho
1570;LÉVI LINS AZEREDO;M;18/09/2017;98001-GERENTE COMERCIAL I;01/10/2017;1;08-18 seg-qui / 08-17 sex ADM;L302502;ARMAZEM DE PRODUTOS 042;1;Empregado;2;Casado;10;Pós-Graduação/Espec.Completo;07/12/1975;10;Brasileiro;1;Branca;9785;01/05/2018;7;Demitido;01/02/2019;7;Transferencia p/ Outra Filial
1573;ELIEUDES MATOS PEDROSA;M;02/10/2017;63001-GESTOR DE CLIENTES I;02/10/2017;1;08-18 seg-qui / 08-17 sex ADM;L302102;ARMAZEM DE PRODUTOS 037;1;Empregado;2;Casado;9;Superior Completo;27/02/1976;10;Brasileiro;1;Branca;4255.57;03/05/2019;7;Demitido;06/05/2020;2;Inic.Empresa s/ Justa Causa
1578;ARCULANA TAVARES ALBUQUERQUE;F;20/10/2017;142001-TECNICO DE PRODUÇÃO JR;30/10/2019;14;08-18 seg-qui / 08-17 sex PRO;L402011;CONTRATO 013;1;Empregado;1;Solteiro;7;Ensino Médio Completo;20/02/1997;10;Brasileiro;1;Branca;2500;30/10/2019;2;Férias;;0;
1580;AICE GAMA FERNANDES;M;20/10/2017;2003-AJUDANTE DE PRODUÇÃO;20/10/2017;26;06-13/14-21 seg-sáb PRO;L402041;CONTRATO 029;1;Empregado;1;Solteiro;5;Ensino Fundamental Completo;17/07/1990;10;Brasileiro;1;Branca;1164.05;20/10/2017;7;Demitido;22/11/2017;13;Fim Antecipado C.T.- Empresa
1581;SERIGNE CAMACHO ALVIM;M;07/11/2017;14001-ASSISTENTE ADM. COMERCIAL JR;07/11/2017;14;08-18 seg-qui / 08-17 sex PRO;L301002;CONTRATO 059;1;Empregado;1;Solteiro;9;Superior Completo;17/12/1989;21;Argentino;1;Branca;1800;07/11/2017;7;Demitido;19/04/2018;2;Inic.Empresa s/ Justa Causa
1583;EVANOR MORATO HOLANDA;M;01/12/2017;144001-GERENTE DE COMPRAS;15/01/2020;1;08-18 seg-qui / 08-17 sex ADM;L401005;ARMAZEM DE PRODUTOS 049;1;Empregado;2;Casado;9;Superior Completo;21/08/1985;10;Brasileiro;1;Branca;9180;25/05/2020;1;Trabalhando;;0;
1588;ADIRCIO GOUVEIA MACEDO;M;03/01/2018;132001-ANALISTA DE CONTROLADORIA JR;02/01/2019;14;08-18 seg-qui / 08-17 sex PRO;L102003;ARMAZEM DE PRODUTOS 055;1;Empregado;2;Casado;9;Superior Completo;28/07/1994;10;Brasileiro;1;Branca;2852;04/05/2019;1;Trabalhando;;0;
1589;THÉO FIGUEIREDO SAMPAULO;M;15/01/2018;94002-TECNICO DE FRONT-OFFICE PL;24/09/2018;1;08-18 seg-qui / 08-17 sex ADM;L303000;CONTRATO 012;1;Empregado;3;Divorciado;9;Superior Completo;01/12/1977;10;Brasileiro;4;Parda;4328.89;03/05/2019;1;Trabalhando;;0;
1590;RAULIN VALADARES RAMOS;M;16/01/2018;73-OPERADOR DE LINHA DE RESINA;27/04/2020;37;08-16/22-05 seg-sáb manut;L402061;CONTRATO 023;1;Empregado;1;Solteiro;5;Ensino Fundamental Completo;26/02/1991;10;Brasileiro;4;Parda;2081.4;27/04/2020;1;Trabalhando;;0;
1591;DIENI RAMOS BICALHO;F;16/01/2018;87001-RETOCADOR I;01/06/2018;22;06-12/12-18/22-05 REV 6x2 PRO;L402095;CONTRATO 153;1;Empregado;7;União Estável;5;Ensino Fundamental Completo;28/06/1985;10;Brasileiro;1;Branca;1700.47;01/06/2018;7;Demitido;15/02/2019;2;Inic.Empresa s/ Justa Causa
1592;EVANGELIO VIEIRA VARELA;M;16/01/2018;27001-AJUDANTE DE LAMINAÇÃO;27/05/2019;6;06-13/14-21 seg-sáb PRO;L420410;CONTRATO 031;1;Empregado;1;Solteiro;5;Ensino Fundamental Completo;31/01/1982;10;Brasileiro;1;Branca;1660.94;27/05/2019;7;Demitido;02/12/2019;2;Inic.Empresa s/ Justa Causa
1593;ALEXSIA SANCHES MORAIS;F;26/01/2018;14003-ASSISTENTE ADM. COMERCIAL SR;26/01/2018;14;08-18 seg-qui / 08-17 sex PRO;L302101;CONTRATO 015;1;Empregado;1;Solteiro;9;Superior Completo;05/03/1992;10;Brasileiro;4;Parda;2380.89;03/05/2019;1;Trabalhando;;0;
1594;JANILZA VEIGA HENRIQUES;F;06/03/2018;112001-AUXILIAR TÉCNICO DE SEGURANÇA;07/03/2018;1;08-18 seg-qui / 08-17 sex ADM;L103002;CONTRATO 003;1;Empregado;1;Solteiro;7;Ensino Médio Completo;28/04/1995;10;Brasileiro;1;Branca;1394.8;07/03/2018;7;Demitido;17/04/2018;13;Fim Antecipado C.T.- Empresa
1595;LACIANA ANCHIETA ALVIM;F;13/03/2018;63001-GESTOR DE CLIENTES I;13/03/2018;1;08-18 seg-qui / 08-17 sex ADM;L302302;ARMAZEM DE PRODUTOS 045;1;Empregado;1;Solteiro;9;Superior Completo;31/07/1989;10;Brasileiro;1;Branca;5411.11;03/05/2019;1;Trabalhando;;0;
1596;ISAC MENINO BORGES;M;19/03/2018;98001-GERENTE COMERCIAL I;19/03/2018;1;08-18 seg-qui / 08-17 sex ADM;L302502;ARMAZEM DE PRODUTOS 042;1;Empregado;2;Casado;10;Pós-Graduação/Espec.Completo;02/04/1973;10;Brasileiro;1;Branca;12986.65;02/05/2019;7;Demitido;10/06/2019;2;Inic.Empresa s/ Justa Causa
1597;DIÉGO PINTO PRADO;M;19/03/2018;113001-AUX LINHA DE PRODUÇÃO SERRARIA;26/03/2018;14;08-18 seg-qui / 08-17 sex PRO;L402041;CONTRATO 029;1;Empregado;2;Casado;4;6º ao 9º Incompleto Ens.Fund.;10/10/1980;10;Brasileiro;4;Parda;1309.26;26/03/2018;7;Demitido;04/04/2018;13;Fim Antecipado C.T.- Empresa
1598;GISLANDI OLIVA TAVARES;F;27/03/2018;113001-AUX LINHA DE PRODUÇÃO SERRARIA;28/03/2018;14;08-18 seg-qui / 08-17 sex PRO;L402041;CONTRATO 029;1;Empregado;1;Solteiro;4;6º ao 9º Incompleto Ens.Fund.;28/05/1998;10;Brasileiro;4;Parda;1416.92;03/05/2019;8;Lic. s/ Remuneração;;0;
1599;LISTER CARDOSO RESENDE;M;02/04/2018;63001-GESTOR DE CLIENTES I;02/04/2018;1;08-18 seg-qui / 08-17 sex ADM;L302602;ARMAZEM DE PRODUTOS 036;1;Empregado;1;Solteiro;9;Superior Completo;26/01/1990;10;Brasileiro;4;Parda;4109.7;01/05/2018;7;Demitido;01/02/2019;7;Transferencia p/ Outra Filial
1600;CRISTÓVÃO SANCHES AZEREDO;M;03/04/2018;59001-ESTAGIARIO;03/04/2018;8;08-15 seg-sex EST;L104001;CONTRATO 030;5;Estagiário;1;Solteiro;8;Superior Incompleto;24/01/2000;10;Brasileiro;0;Não Informado;900;03/04/2018;7;Demitido;31/12/2019;12;Fim do Contrato de Trabalho
1601;ADEMIRES SARAMAGO CASTILHO;M;13/04/2018;1001-DIRETOR GERAL;16/04/2018;1;08-18 seg-qui / 08-17 sex ADM;L101001;CONTRATO 001;1;Empregado;1;Solteiro;11;Mestrado Completo;02/05/1983;35;Espanhol;1;Branca;39460.8;23/07/2020;1;Trabalhando;;0;
1602;IGOR DIEGUES GATO;M;16/04/2018;64004-GESTOR REDES E SISTEMAS ESPEC.;16/04/2018;1;08-18 seg-qui / 08-17 sex ADM;L104001;CONTRATO 030;1;Empregado;2;Casado;9;Superior Completo;21/09/1988;10;Brasileiro;1;Branca;5952;04/05/2019;7;Demitido;13/12/2019;2;Inic.Empresa s/ Justa Causa
1603;ANDALUZA AGUIAR VASQUES;F;23/04/2018;118001-AUXILIAR FINANCEIRO;23/04/2018;1;08-18 seg-qui / 08-17 sex ADM;L102001;CONTRATO 134;1;Empregado;1;Solteiro;8;Superior Incompleto;08/11/1998;10;Brasileiro;1;Branca;1851;04/05/2019;2;Férias;;0;
1604;HAMURABI SANCHES OLIVA;M;23/04/2018;63002-GESTOR DE CLIENTES II;23/04/2018;1;08-18 seg-qui / 08-17 sex ADM;L302802;ARMAZEM DE PRODUTOS 046;1;Empregado;1;Solteiro;9;Superior Completo;09/08/1984;10;Brasileiro;1;Branca;5411.11;03/05/2019;1;Trabalhando;;0;
1605;AKSEL BARROS COTRIM;M;07/05/2018;63002-GESTOR DE CLIENTES II;07/05/2018;1;08-18 seg-qui / 08-17 sex ADM;L302802;ARMAZEM DE PRODUTOS 046;1;Empregado;1;Solteiro;9;Superior Completo;14/07/1982;10;Brasileiro;1;Branca;5150;07/05/2018;7;Demitido;26/06/2018;4;Inic.Empregado s/ Justa Causa
1606;IRONIDES RIBEIRO ALVIM;F;07/05/2018;59001-ESTAGIARIO;07/05/2018;8;08-15 seg-sex EST;L102002;CONTRATO 001;5;Estagiário;1;Solteiro;9;Superior Completo;13/08/1997;10;Brasileiro;1;Branca;900;07/05/2018;7;Demitido;19/03/2019;4;Inic.Empregado s/ Justa Causa
1607;IDEVAIR RESENDE ARRUDA;M;14/05/2018;131001-SUPERVISOR TEC. DE MANUTENÇÃO;01/10/2018;14;08-18 seg-qui / 08-17 sex PRO;L402031;CONTRATO 017;1;Empregado;2;Casado;8;Superior Incompleto;26/05/1991;10;Brasileiro;1;Branca;6304.2;02/05/2019;1;Trabalhando;;0;
1609;DJAMILA GOMES PRUDENTE;F;17/05/2018;87001-RETOCADOR I;26/10/2018;22;06-12/12-18/22-05 REV 6x2 PRO;L402095;CONTRATO 153;1;Empregado;2;Casado;6;Ensino Médio Incompleto;02/08/1989;10;Brasileiro;4;Parda;1786.69;02/05/2019;1;Trabalhando;;0;
1610;ARTEMILDO MELLO COENTRÃO;M;17/05/2018;88001-SELECIONADOR CHAP. MARMORE GRANITO I;27/04/2020;22;06-12/12-18/22-05 REV 6x2 PRO;L402071;CONTRATO 021;1;Empregado;1;Solteiro;8;Superior Incompleto;04/09/1997;10;Brasileiro;4;Parda;1892.86;27/04/2020;1;Trabalhando;;0;
1611;ENELISE FIGUEIRA ANES;F;17/05/2018;29001-AJUDANTE OPERADOR DE MULTIFIO;28/05/2020;21;12-18/06-12/22-05 REV 6x2 PRO;L420411;CONTRATO 032;1;Empregado;2;Casado;4;6º ao 9º Incompleto Ens.Fund.;15/11/1993;10;Brasileiro;4;Parda;1862.4;28/05/2020;1;Trabalhando;;0;
1612;JULYAN FAGUNDES RAMALHO;M;17/05/2018;126001-OPERADOR DE CARGA;27/08/2018;21;12-18/06-12/22-05 REV 6x2 PRO;L402051;CONTRATO 016;1;Empregado;2;Casado;7;Ensino Médio Completo;28/04/1973;10;Brasileiro;4;Parda;1929.61;02/05/2019;1;Trabalhando;;0;
1613;BRAITNER GONÇALES AMARAL;M;29/05/2018;94001-TECNICO DE FRONT-OFFICE JR;29/05/2018;1;08-18 seg-qui / 08-17 sex ADM;L303000;CONTRATO 012;1;Empregado;2;Casado;9;Superior Completo;04/05/1993;10;Brasileiro;1;Branca;2597.33;02/05/2019;7;Demitido;03/04/2020;4;Inic.Empregado s/ Justa Causa
1614;WELDELL FROTA PRUDENTE;M;08/06/2018;76001-OPERADOR DE PONTE ROLANTE I;08/06/2018;35;08:00 as 15:00 - int.1h exp;L402101;CONTRATO 011;1;Empregado;1;Solteiro;6;Ensino Médio Incompleto;09/01/1991;10;Brasileiro;0;Não Informado;1972.45;03/05/2019;7;Demitido;27/05/2019;2;Inic.Empresa s/ Justa Causa
1616;PETRO ANTUNES HOLANDA;M;25/06/2018;59001-ESTAGIARIO;25/06/2018;8;08-15 seg-sex EST;L201001;CONTRATO 018;5;Estagiário;1;Solteiro;8;Superior Incompleto;22/01/1998;10;Brasileiro;1;Branca;1470.98;02/05/2019;7;Demitido;08/07/2019;12;Fim do Contrato de Trabalho
1617;DARIL OUTEIRO VIANA;M;02/08/2018;126001-OPERADOR DE CARGA;26/10/2018;22;06-12/12-18/22-05 REV 6x2 PRO;L402051;CONTRATO 016;1;Empregado;1;Solteiro;7;Ensino Médio Completo;14/04/1989;10;Brasileiro;4;Parda;1929.61;02/05/2019;1;Trabalhando;;0;
1618;AREOSVALDO NEGREIROS ANDRADE;M;02/08/2018;59001-ESTAGIARIO;02/08/2018;8;08-15 seg-sex EST;L401006;CONTRATO 086;5;Estagiário;1;Solteiro;8;Superior Incompleto;25/10/2000;10;Brasileiro;0;Não Informado;900;02/08/2018;7;Demitido;01/08/2019;12;Fim do Contrato de Trabalho
1619;CLAISSON PIMENTEL SANCHES;M;15/08/2018;11001-APRENDIZ SERV.ADMINISTRATIVO;15/08/2018;38;14:00 as 18:00 aprendizagem;L401005;ARMAZEM DE PRODUTOS 049;6;Aprendiz;1;Solteiro;6;Ensino Médio Incompleto;06/06/2002;10;Brasileiro;1;Branca;499;01/01/2019;7;Demitido;02/12/2019;12;Fim do Contrato de Trabalho
1620;CLICIE SARAMAGO BARBOSA;F;15/08/2018;11001-APRENDIZ SERV.ADMINISTRATIVO;15/08/2018;12;13:00-17:00 s-sx APRENDIZ;L401005;ARMAZEM DE PRODUTOS 049;6;Aprendiz;1;Solteiro;4;6º ao 9º Incompleto Ens.Fund.;23/09/2003;10;Brasileiro;4;Parda;499;01/01/2019;7;Demitido;18/01/2019;4;Inic.Empregado s/ Justa Causa
1621;JAICILENE SANTARROSA VELASQUES;F;15/08/2018;11001-APRENDIZ SERV.ADMINISTRATIVO;15/08/2018;38;14:00 as 18:00 aprendizagem;L102002;CONTRATO 001;6;Aprendiz;1;Solteiro;4;6º ao 9º Incompleto Ens.Fund.;04/07/2003;10;Brasileiro;4;Parda;499;01/01/2019;7;Demitido;02/12/2019;12;Fim do Contrato de Trabalho
1622;EDIJANIA ARAGÃO ENCARNAÇÃO;F;15/08/2018;11001-APRENDIZ SERV.ADMINISTRATIVO;15/08/2018;38;14:00 as 18:00 aprendizagem;L102001;CONTRATO 134;6;Aprendiz;1;Solteiro;6;Ensino Médio Incompleto;03/05/2002;10;Brasileiro;4;Parda;499;01/01/2019;7;Demitido;02/12/2019;12;Fim do Contrato de Trabalho
1623;EDUVALDO BORSOI VALENÇA;M;15/08/2018;11001-APRENDIZ SERV.ADMINISTRATIVO;15/08/2018;38;14:00 as 18:00 aprendizagem;L103001;ADMINISTRAÇÃO;6;Aprendiz;1;Solteiro;7;Ensino Médio Completo;06/11/2002;10;Brasileiro;4;Parda;499;01/01/2019;7;Demitido;02/12/2019;12;Fim do Contrato de Trabalho
1624;GEOVANES SARAGOÇA VALENTE;M;20/08/2018;96002-VENDEDOR COMEX PL;20/08/2018;1;08-18 seg-qui / 08-17 sex ADM;212H02BN10;ARMAZEM DE PRODUTOS 038;1;Empregado;2;Casado;9;Superior Completo;14/01/1989;10;Brasileiro;1;Branca;4728.15;02/05/2019;7;Demitido;28/02/2020;4;Inic.Empregado s/ Justa Causa
1625;ALMIN ASSIS GATO;M;27/08/2018;14002-ASSISTENTE ADM. COMERCIAL PL;27/08/2018;1;08-18 seg-qui / 08-17 sex ADM;L302501;CONTRATO 022;1;Empregado;1;Solteiro;9;Superior Completo;01/02/1989;10;Brasileiro;0;Não Informado;2101.4;02/05/2019;7;Demitido;07/01/2020;2;Inic.Empresa s/ Justa Causa
1626;DERENI SANTACRUZ ALVIM;F;03/09/2018;14001-ASSISTENTE ADM. COMERCIAL JR;03/09/2018;1;08-18 seg-qui / 08-17 sex ADM;L301002;CONTRATO 059;1;Empregado;7;União Estável;9;Superior Completo;17/07/1985;10;Brasileiro;0;Não Informado;2101.4;02/05/2019;1;Trabalhando;;0;
1627;FRANCISCO TORQUATO MESQUITA;M;03/09/2018;63001-GESTOR DE CLIENTES I;03/09/2018;1;08-18 seg-qui / 08-17 sex ADM;L302602;ARMAZEM DE PRODUTOS 036;1;Empregado;3;Divorciado;9;Superior Completo;19/03/1984;10;Brasileiro;0;Não Informado;3244.5;03/09/2018;7;Demitido;01/02/2019;7;Transferencia p/ Outra Filial
1628;IRCO PINTO ALVIM;M;03/09/2018;63002-GESTOR DE CLIENTES II;03/09/2018;1;08-18 seg-qui / 08-17 sex ADM;L302802;ARMAZEM DE PRODUTOS 046;1;Empregado;3;Divorciado;9;Superior Completo;05/10/1974;10;Brasileiro;0;Não Informado;5253.5;02/05/2019;1;Trabalhando;;0;
1629;ALESSILDA GUIMARÃES ENCARNAÇÃO;F;03/09/2018;127001-AUXILIAR DE LOGISTICA JR;01/11/2018;1;08-18 seg-qui / 08-17 sex ADM;L301002;CONTRATO 059;1;Empregado;2;Casado;9;Superior Completo;27/06/1984;10;Brasileiro;0;Não Informado;2500;03/09/2018;7;Demitido;31/01/2019;4;Inic.Empregado s/ Justa Causa
1630;CLAUDONEI ALVIM VALENÇA;M;10/09/2018;46001-COPEIRA;10/09/2018;13;07-17 seg-qui / 07-16 sex COP;L401001;CONTRATO 165;1;Empregado;2;Casado;5;Ensino Fundamental Completo;11/02/1982;10;Brasileiro;0;Não Informado;1303.77;02/05/2019;1;Trabalhando;;0;
1631;ALTAIDES CARVALHOSA ANCHIETA;M;17/09/2018;87001-RETOCADOR I;29/07/2019;22;06-12/12-18/22-05 REV 6x2 PRO;L402095;CONTRATO 153;1;Empregado;2;Casado;7;Ensino Médio Completo;19/05/1983;10;Brasileiro;4;Parda;1786.69;29/07/2019;1;Trabalhando;;0;
1632;ADINA FALQUETO LEME;F;17/09/2018;73-OPERADOR DE LINHA DE RESINA;27/04/2020;4;22-05 seg-sex PRO;L402061;CONTRATO 023;1;Empregado;1;Solteiro;7;Ensino Médio Completo;11/09/1985;10;Brasileiro;0;Não Informado;2081.4;27/04/2020;1;Trabalhando;;0;
1633;UELLITON MATOS FIGUEIROA;M;17/09/2018;40001-AUXILIAR DE SERVIÇOS GERAIS;17/09/2018;13;07-17 seg-qui / 07-16 sex COP;212H05NM71;CONTRATO 166;1;Empregado;1;Solteiro;6;Ensino Médio Incompleto;30/06/1985;10;Brasileiro;0;Não Informado;1098.51;02/05/2019;7;Demitido;25/06/2019;2;Inic.Empresa s/ Justa Causa
1634;DIVAL PAIVA CUNHA;M;17/09/2018;40001-AUXILIAR DE SERVIÇOS GERAIS;17/09/2018;13;07-17 seg-qui / 07-16 sex COP;212H05NM71;CONTRATO 166;1;Empregado;1;Solteiro;5;Ensino Fundamental Completo;19/03/1967;10;Brasileiro;0;Não Informado;1045.5;17/09/2018;7;Demitido;14/11/2018;13;Fim Antecipado C.T.- Empresa
1635;AMIRA CAMÕES ARRUDA;F;01/10/2018;59001-ESTAGIARIO;01/10/2018;8;08-15 seg-sex EST;L102002;CONTRATO 001;5;Estagiário;1;Solteiro;9;Superior Completo;29/04/1995;10;Brasileiro;0;Não Informado;900;01/10/2018;7;Demitido;19/02/2019;4;Inic.Empregado s/ Justa Causa
1636;DURGIVAL ZAMPOL BARROS;M;17/10/2018;49001-ELETRICISTA MANUTENÇÃO GERAL I;17/10/2018;42;06 AS 12/22-05/12AS18;L402031;CONTRATO 017;1;Empregado;2;Casado;7;Ensino Médio Completo;18/02/1985;10;Brasileiro;2;Preta;3257.17;02/05/2019;1;Trabalhando;;0;
1637;ADVENTINO FERRAZ PEDROSO;M;17/12/2018;71001-MECANICO DE MANUTENÇÃO I;17/12/2018;25;14:00 as 22:00 SEG a SEX;L402031;CONTRATO 017;1;Empregado;2;Casado;7;Ensino Médio Completo;19/12/1975;10;Brasileiro;1;Branca;3554.96;02/05/2019;1;Trabalhando;;0;
1638;ADERIANA SANTANA FRANÇA;F;17/12/2018;71001-MECANICO DE MANUTENÇÃO I;17/12/2018;14;08-18 seg-qui / 08-17 sex PRO;L402031;CONTRATO 017;1;Empregado;2;Casado;7;Ensino Médio Completo;26/03/1975;10;Brasileiro;1;Branca;3383.55;17/12/2018;7;Demitido;08/02/2019;13;Fim Antecipado C.T.- Empresa
1639;EDVANDO PARGA ANTUNES;M;07/01/2019;41002-COMPRADOR PL;07/01/2019;1;08-18 seg-qui / 08-17 sex ADM;L401005;ARMAZEM DE PRODUTOS 049;1;Empregado;2;Casado;7;Ensino Médio Completo;05/02/1974;10;Brasileiro;1;Branca;3039.7;02/05/2019;1;Trabalhando;;0;
1640;PETER MOREIRA BRANDÃO;M;11/02/2019;87001-RETOCADOR I;29/07/2019;22;06-12/12-18/22-05 REV 6x2 PRO;L402095;CONTRATO 153;1;Empregado;1;Solteiro;7;Ensino Médio Completo;14/07/1990;10;Brasileiro;1;Branca;1786.69;29/07/2019;1;Trabalhando;;0;
1641;GLEICIOMAR REIS ADÃES;M;11/02/2019;71001-MECANICO DE MANUTENÇÃO I;11/02/2019;14;08-18 seg-qui / 08-17 sex PRO;L402031;CONTRATO 017;1;Empregado;2;Casado;7;Ensino Médio Completo;27/06/1986;10;Brasileiro;4;Parda;3735.35;03/05/2019;7;Demitido;13/05/2019;4;Inic.Empregado s/ Justa Causa
1642;ALDIVIO EVANGELISTA BRAGA;M;13/03/2017;63001-GESTOR DE CLIENTES I;01/10/2017;1;08-18 seg-qui / 08-17 sex ADM;L302502;ARMAZEM DE PRODUTOS 042;1;Empregado;1;Solteiro;9;Superior Completo;11/07/1981;10;Brasileiro;1;Branca;4318.07;03/05/2019;7;Demitido;01/07/2019;2;Inic.Empresa s/ Justa Causa
1643;BIANCO VALENÇA MEIRELES;M;03/09/2018;63001-GESTOR DE CLIENTES I;03/09/2018;1;08-18 seg-qui / 08-17 sex ADM;L302502;ARMAZEM DE PRODUTOS 042;1;Empregado;3;Divorciado;9;Superior Completo;19/03/1984;10;Brasileiro;0;Não Informado;3409;02/05/2019;7;Demitido;02/07/2019;2;Inic.Empresa s/ Justa Causa
1644;ADALGIR NEGREIROS NORONHA;M;02/04/2018;63001-GESTOR DE CLIENTES I;02/04/2018;1;08-18 seg-qui / 08-17 sex ADM;L302102;ARMAZEM DE PRODUTOS 037;1;Empregado;1;Solteiro;9;Superior Completo;26/01/1990;10;Brasileiro;4;Parda;4318.07;03/05/2019;7;Demitido;03/06/2019;2;Inic.Empresa s/ Justa Causa
1645;MATTEO COELHO ANCHIETA;M;18/09/2017;133-SUPERVISOR DE PROJETOS;02/02/2019;1;08-18 seg-qui / 08-17 sex ADM;L302502;ARMAZEM DE PRODUTOS 042;1;Empregado;2;Casado;10;Pós-Graduação/Espec.Completo;07/12/1975;10;Brasileiro;1;Branca;10281.1;03/05/2019;7;Demitido;02/07/2019;2;Inic.Empresa s/ Justa Causa
1646;GLEUSSON PASCOAL LUZ;M;07/03/2019;110001-TECNICO SEGURANÇA DO TRABALHO;07/03/2019;14;08-18 seg-qui / 08-17 sex PRO;L103002;CONTRATO 003;1;Empregado;2;Casado;7;Ensino Médio Completo;05/10/1985;10;Brasileiro;1;Branca;2941.96;02/05/2019;1;Trabalhando;;0;
1647;ODAIRO FURQUIM CASTRO;M;11/03/2019;40001-AUXILIAR DE SERVIÇOS GERAIS;11/03/2019;13;07-17 seg-qui / 07-16 sex COP;212H05NM71;CONTRATO 166;1;Empregado;4;Viúvo;4;6º ao 9º Incompleto Ens.Fund.;11/02/1973;10;Brasileiro;1;Branca;1098.51;02/05/2019;1;Trabalhando;;0;
1648;CLEUCIO ANDRADE VELASQUES;M;11/03/2019;59001-ESTAGIARIO;11/03/2019;8;08-15 seg-sex EST;L102002;CONTRATO 001;5;Estagiário;1;Solteiro;8;Superior Incompleto;23/11/1998;10;Brasileiro;1;Branca;900;11/03/2019;7;Demitido;05/12/2019;12;Fim do Contrato de Trabalho
1649;CLEIDINILSON FIGUEIROA BICALHO;M;12/03/2019;11001-APRENDIZ SERV.ADMINISTRATIVO;12/03/2019;18;08:00 - 12:00 seg-sex APR;L102002;CONTRATO 001;6;Aprendiz;1;Solteiro;6;Ensino Médio Incompleto;08/12/2001;10;Brasileiro;1;Branca;522.5;02/03/2020;6;Licença Maternidade;;0;
1650;DIOMILSON BOLSONARO LOCATELLI;M;12/03/2019;11001-APRENDIZ SERV.ADMINISTRATIVO;12/03/2019;38;14:00 as 18:00 aprendizagem;L104001;CONTRATO 030;6;Aprendiz;1;Solteiro;6;Ensino Médio Incompleto;24/03/2003;10;Brasileiro;0;Não Informado;522.5;02/03/2020;7;Demitido;30/06/2020;12;Fim do Contrato de Trabalho
1651;DOCILIO ENCARNAÇÃO LOPES;M;12/03/2019;11001-APRENDIZ SERV.ADMINISTRATIVO;12/03/2019;18;08:00 - 12:00 seg-sex APR;L301002;CONTRATO 059;6;Aprendiz;1;Solteiro;4;6º ao 9º Incompleto Ens.Fund.;26/06/2004;10;Brasileiro;1;Branca;522.5;02/03/2020;7;Demitido;30/06/2020;12;Fim do Contrato de Trabalho
1652;ARILMA PATRIOTA SOARES;F;12/03/2019;11001-APRENDIZ SERV.ADMINISTRATIVO;12/03/2019;38;14:00 as 18:00 aprendizagem;L402011;CONTRATO 013;6;Aprendiz;1;Solteiro;6;Ensino Médio Incompleto;29/03/2004;10;Brasileiro;1;Branca;522.5;02/03/2020;7;Demitido;30/06/2020;12;Fim do Contrato de Trabalho
1653;CARMERINA MADURO RESENDE;F;12/03/2019;11001-APRENDIZ SERV.ADMINISTRATIVO;12/03/2019;12;13:00-17:00 s-sx APRENDIZ;L102002;CONTRATO 001;6;Aprendiz;1;Solteiro;6;Ensino Médio Incompleto;05/10/2001;10;Brasileiro;1;Branca;519.5;02/01/2020;7;Demitido;30/01/2020;4;Inic.Empregado s/ Justa Causa
1654;CELESTRINA MALAFAIA NAVES;F;12/03/2019;11001-APRENDIZ SERV.ADMINISTRATIVO;12/03/2019;18;08:00 - 12:00 seg-sex APR;L401005;ARMAZEM DE PRODUTOS 049;6;Aprendiz;1;Solteiro;6;Ensino Médio Incompleto;28/08/2003;10;Brasileiro;4;Parda;522.5;02/03/2020;7;Demitido;30/06/2020;12;Fim do Contrato de Trabalho
1655;LIBÉRIO SANTANA CARMO;M;25/03/2019;63001-GESTOR DE CLIENTES I;25/03/2019;1;08-18 seg-qui / 08-17 sex ADM;L302002;ARMAZEM DE PRODUTOS 035;1;Empregado;2;Casado;7;Ensino Médio Completo;23/12/1986;10;Brasileiro;1;Branca;4863.51;02/05/2019;7;Demitido;10/01/2020;7;Transferencia p/ Outra Filial
1656;ENISMAR TELES PAIXÃO;M;01/04/2019;88001-SELECIONADOR CHAP. MARMORE GRANITO I;27/04/2020;14;08-18 seg-qui / 08-17 sex PRO;L402071;CONTRATO 021;1;Empregado;2;Casado;7;Ensino Médio Completo;09/04/1984;10;Brasileiro;1;Branca;1892.86;27/04/2020;1;Trabalhando;;0;
1657;LIDEA QUEIRÓS ROMA;F;01/04/2019;24002-AUX.ADM JUNIOR;01/04/2019;14;08-18 seg-qui / 08-17 sex PRO;L402011;CONTRATO 013;1;Empregado;1;Solteiro;7;Ensino Médio Completo;17/04/1988;10;Brasileiro;4;Parda;1435.17;03/05/2019;7;Demitido;10/05/2019;13;Fim Antecipado C.T.- Empresa
1658;EMANUEL FORTALEZA VIANA;M;02/04/2019;49001-ELETRICISTA MANUTENÇÃO GERAL I;01/11/2019;6;06-13/14-21 seg-sáb PRO;L402031;CONTRATO 017;1;Empregado;2;Casado;7;Ensino Médio Completo;31/08/1985;10;Brasileiro;0;Não Informado;3257.17;01/11/2019;1;Trabalhando;;0;
1659;ADRIÁN NORONHA HENRIQUES;M;08/04/2019;102001-GESTOR DE PROJETOS;08/04/2019;1;08-18 seg-qui / 08-17 sex ADM;L302002;ARMAZEM DE PRODUTOS 035;1;Empregado;2;Casado;9;Superior Completo;25/06/1987;10;Brasileiro;1;Branca;4628;08/04/2019;7;Demitido;19/07/2019;4;Inic.Empregado s/ Justa Causa
1660;ADENILTO PESTANA ROMÃO;M;15/04/2019;14003-ASSISTENTE ADM. COMERCIAL SR;15/04/2019;14;08-18 seg-qui / 08-17 sex PRO;L302801;CONTRATO 027;1;Empregado;1;Solteiro;7;Ensino Médio Completo;20/04/1988;10;Brasileiro;1;Branca;3047.03;02/05/2019;7;Demitido;13/11/2019;2;Inic.Empresa s/ Justa Causa
1661;GRACIO XAVIER HUNGRIA;M;15/04/2019;76001-OPERADOR DE PONTE ROLANTE I;15/04/2019;14;08-18 seg-qui / 08-17 sex PRO;L402101;CONTRATO 011;1;Empregado;2;Casado;7;Ensino Médio Completo;17/05/1984;10;Brasileiro;4;Parda;1786.69;02/05/2019;7;Demitido;29/05/2020;2;Inic.Empresa s/ Justa Causa
1662;ELONICE ENCARNAÇÃO FRANÇA;F;22/04/2019;98001-GERENTE COMERCIAL I;22/04/2019;1;08-18 seg-qui / 08-17 sex ADM;L302102;ARMAZEM DE PRODUTOS 037;1;Empregado;1;Solteiro;9;Superior Completo;10/10/1974;10;Brasileiro;0;Não Informado;10507;02/05/2019;7;Demitido;06/12/2019;4;Inic.Empregado s/ Justa Causa
1663;ALEXANDRE MELO VIANA;M;24/04/2019;113001-AUX LINHA DE PRODUÇÃO SERRARIA;24/04/2019;14;08-18 seg-qui / 08-17 sex PRO;L402041;CONTRATO 029;1;Empregado;1;Solteiro;7;Ensino Médio Completo;15/10/1993;10;Brasileiro;0;Não Informado;1348.54;24/04/2019;7;Demitido;29/04/2019;14;Fim Antecipado C.T.- Empregado
1664;JOAQUIM ARRUDA ROMA;M;24/04/2019;27001-AJUDANTE DE LAMINAÇÃO;25/05/2020;22;06-12/12-18/22-05 REV 6x2 PRO;L420410;CONTRATO 031;1;Empregado;1;Solteiro;7;Ensino Médio Completo;17/04/1988;10;Brasileiro;0;Não Informado;1660.94;25/05/2020;1;Trabalhando;;0;
1665;CLAISSE ASSIS MACEDO;F;29/04/2019;136001-TALENT BUSINESS PARTNER;29/04/2019;1;08-18 seg-qui / 08-17 sex ADM;L103001;ADMINISTRAÇÃO;1;Empregado;1;Solteiro;10;Pós-Graduação/Espec.Completo;02/09/1987;10;Brasileiro;1;Branca;6566.88;01/05/2019;7;Demitido;08/08/2019;4;Inic.Empregado s/ Justa Causa
1666;DOGEVAL MALAFAIA ARAGÃO;M;02/05/2019;63001-GESTOR DE CLIENTES I;02/05/2019;1;08-18 seg-qui / 08-17 sex ADM;L302002;ARMAZEM DE PRODUTOS 035;1;Empregado;1;Solteiro;9;Superior Completo;28/03/1979;10;Brasileiro;1;Branca;4628;02/05/2019;7;Demitido;02/12/2019;2;Inic.Empresa s/ Justa Causa
1667;FRANCIKELE BOTELHO MÉDICI;F;10/05/2019;59001-ESTAGIARIO;10/05/2019;9;10-17 seg-sex EST;L201001;CONTRATO 018;5;Estagiário;2;Casado;8;Superior Incompleto;23/11/1998;10;Brasileiro;1;Branca;1400;10/05/2019;7;Demitido;02/09/2019;12;Fim do Contrato de Trabalho
1668;BRIGITI RAMOS ARAGÃO;F;20/05/2019;59001-ESTAGIARIO;20/05/2019;8;08-15 seg-sex EST;L102001;CONTRATO 134;5;Estagiário;1;Solteiro;9;Superior Completo;28/10/1996;10;Brasileiro;1;Branca;900;20/05/2019;1;Trabalhando;;0;
1669;AUDENISIO CARDOSO SAMPEDRO;M;20/05/2019;59001-ESTAGIARIO;20/05/2019;8;08-15 seg-sex EST;L102001;CONTRATO 134;5;Estagiário;1;Solteiro;8;Superior Incompleto;21/08/1999;10;Brasileiro;1;Branca;900;20/05/2019;7;Demitido;17/12/2019;12;Fim do Contrato de Trabalho
1670;CRISNEIDE REIS BRAGA;F;20/05/2019;76001-OPERADOR DE PONTE ROLANTE I;27/04/2020;15;06-12/12-18/22-05 seg-sáb PRO;L402071;CONTRATO 021;1;Empregado;2;Casado;5;Ensino Fundamental Completo;22/03/1975;10;Brasileiro;4;Parda;1786.69;27/04/2020;1;Trabalhando;;0;
1671;ELIOMARCIO RIOS RAMALHO;M;20/05/2019;27001-AJUDANTE DE LAMINAÇÃO;20/05/2019;22;06-12/12-18/22-05 REV 6x2 PRO;L420410;CONTRATO 031;1;Empregado;2;Casado;4;6º ao 9º Incompleto Ens.Fund.;10/12/1984;10;Brasileiro;1;Branca;1660.94;21/05/2019;1;Trabalhando;;0;
1672;KAROLLAYNE SERRANO ALVARENGA;F;20/05/2019;27001-AJUDANTE DE LAMINAÇÃO;27/04/2020;22;06-12/12-18/22-05 REV 6x2 PRO;L420410;CONTRATO 031;1;Empregado;1;Solteiro;7;Ensino Médio Completo;14/03/1990;10;Brasileiro;1;Branca;1660.94;27/04/2020;1;Trabalhando;;0;
1673;BONFIM COUTO CHAVES;M;20/05/2019;29001-AJUDANTE OPERADOR DE MULTIFIO;27/04/2020;22;06-12/12-18/22-05 REV 6x2 PRO;L420411;CONTRATO 032;1;Empregado;2;Casado;7;Ensino Médio Completo;19/12/1975;10;Brasileiro;4;Parda;1862.4;27/04/2020;1;Trabalhando;;0;
1674;RIHADUR DAMBROS VELOSO;M;20/05/2019;87001-RETOCADOR I;19/08/2019;22;06-12/12-18/22-05 REV 6x2 PRO;L402095;CONTRATO 153;1;Empregado;1;Solteiro;7;Ensino Médio Completo;01/07/1992;10;Brasileiro;4;Parda;1786.69;19/08/2019;1;Trabalhando;;0;
1675;LAUDOMIRO MATOS VASCONCELOS;M;20/05/2019;76001-OPERADOR DE PONTE ROLANTE I;20/05/2019;19;12-18/06-12/22-05 seg-sáb PRO;L402071;CONTRATO 021;1;Empregado;2;Casado;7;Ensino Médio Completo;06/01/1989;10;Brasileiro;1;Branca;1786.69;21/05/2019;1;Trabalhando;;0;
1676;EVIENE PRUDENTE PASCAL;F;20/05/2019;63001-GESTOR DE CLIENTES I;20/05/2019;1;08-18 seg-qui / 08-17 sex ADM;L302102;ARMAZEM DE PRODUTOS 037;1;Empregado;7;União Estável;9;Superior Completo;19/12/1973;10;Brasileiro;1;Branca;4109.7;20/05/2019;1;Trabalhando;;0;
1677;JOCIEUDO PEDROSA CARMO;M;20/05/2019;107-AJUDANTE EM GERAL;20/05/2019;1;08-18 seg-qui / 08-17 sex ADM;L302803;CONTRATO 066;1;Empregado;2;Casado;4;6º ao 9º Incompleto Ens.Fund.;22/03/1983;10;Brasileiro;4;Parda;1826.61;20/05/2019;7;Demitido;18/07/2019;12;Fim do Contrato de Trabalho
1678;DIOVANE NANTES MELO;M;20/05/2019;76001-OPERADOR DE PONTE ROLANTE I;20/05/2019;14;08-18 seg-qui / 08-17 sex PRO;L402101;CONTRATO 011;1;Empregado;2;Casado;7;Ensino Médio Completo;09/04/1988;10;Brasileiro;1;Branca;1786.69;21/05/2019;2;Férias;;0;
1679;ADMILDES EVANGELISTA PAPANICOLAU;F;03/06/2019;35-ASSISTENTE DE EXPORTAÇÃO;03/06/2019;1;08-18 seg-qui / 08-17 sex ADM;L301002;CONTRATO 059;1;Empregado;2;Casado;10;Pós-Graduação/Espec.Completo;14/10/1982;10;Brasileiro;1;Branca;2300;03/06/2019;7;Demitido;03/04/2020;2;Inic.Empresa s/ Justa Causa
1680;GILCARLOS FURQUIM VEIGA;M;03/06/2019;76001-OPERADOR DE PONTE ROLANTE I;03/06/2019;14;08-18 seg-qui / 08-17 sex PRO;L402101;CONTRATO 011;1;Empregado;2;Casado;4;6º ao 9º Incompleto Ens.Fund.;26/12/1974;10;Brasileiro;1;Branca;1786.69;04/06/2019;1;Trabalhando;;0;
1681;BELARMINO VARELA GONZAGA;M;10/06/2019;63001-GESTOR DE CLIENTES I;10/06/2019;1;08-18 seg-qui / 08-17 sex ADM;L302502;ARMAZEM DE PRODUTOS 042;1;Empregado;1;Solteiro;10;Pós-Graduação/Espec.Completo;14/09/1975;10;Brasileiro;1;Branca;4109.7;10/06/2019;7;Demitido;10/01/2020;7;Transferencia p/ Outra Filial
1682;ANDREWS ANDRADE MORAES;M;17/06/2019;59001-ESTAGIARIO;17/06/2019;8;08-15 seg-sex EST;L102002;CONTRATO 001;5;Estagiário;1;Solteiro;9;Superior Completo;31/05/1999;10;Brasileiro;1;Branca;900;17/06/2019;1;Trabalhando;;0;
1683;CLEIDIANA LEITÃO VALENTE;F;26/06/2019;76001-OPERADOR DE PONTE ROLANTE I;26/06/2019;15;06-12/12-18/22-05 seg-sáb PRO;L402061;CONTRATO 023;1;Empregado;1;Solteiro;7;Ensino Médio Completo;02/10/1976;10;Brasileiro;4;Parda;1786.69;27/06/2019;1;Trabalhando;;0;
1684;DALISIO MARQUES GAMA;M;26/06/2019;76001-OPERADOR DE PONTE ROLANTE I;27/04/2020;14;08-18 seg-qui / 08-17 sex PRO;L402051;CONTRATO 016;1;Empregado;1;Solteiro;7;Ensino Médio Completo;06/08/1992;10;Brasileiro;4;Parda;1786.69;27/04/2020;2;Férias;;0;
1685;MARINISSE MONTEIRO BOTELHO;F;01/07/2019;83006-ASSISTENTE DE COMPRAS;01/07/2019;1;08-18 seg-qui / 08-17 sex ADM;L401005;ARMAZEM DE PRODUTOS 049;1;Empregado;3;Divorciado;9;Superior Completo;10/10/1987;10;Brasileiro;4;Parda;2700;01/07/2019;1;Trabalhando;;0;
1686;DAWIS JUNQUEIRA FERRÃO;M;04/07/2019;40001-AUXILIAR DE SERVIÇOS GERAIS;04/07/2019;13;07-17 seg-qui / 07-16 sex COP;212H05NM71;CONTRATO 166;1;Empregado;1;Solteiro;6;Ensino Médio Incompleto;14/10/1971;10;Brasileiro;1;Branca;1153.44;23/04/2020;7;Demitido;23/04/2020;2;Inic.Empresa s/ Justa Causa
1687;DEVANDIR MUNIZ VILELA;M;05/07/2019;2001-AJUDANTE EM GERAL;05/07/2019;1;08-18 seg-qui / 08-17 sex ADM;L302803;CONTRATO 066;1;Empregado;1;Solteiro;7;Ensino Médio Completo;03/06/1981;10;Brasileiro;0;Não Informado;1826.61;05/07/2019;1;Trabalhando;;0;
1688;EUMARIA SARAIVA FIGUEIRA;F;08/07/2019;102001-GESTOR DE PROJETOS;08/07/2019;1;08-18 seg-qui / 08-17 sex ADM;L302502;ARMAZEM DE PRODUTOS 042;1;Empregado;2;Casado;9;Superior Completo;21/02/1984;10;Brasileiro;1;Branca;4000;08/07/2019;7;Demitido;10/01/2020;7;Transferencia p/ Outra Filial
1689;FRANCIESCA FERNANDES PIRES;F;08/07/2019;63001-GESTOR DE CLIENTES I;08/07/2019;1;08-18 seg-qui / 08-17 sex ADM;L302502;ARMAZEM DE PRODUTOS 042;1;Empregado;1;Solteiro;9;Superior Completo;12/04/1983;10;Brasileiro;1;Branca;4000;08/07/2019;7;Demitido;10/01/2020;7;Transferencia p/ Outra Filial
1690;RUSLAN MARQUES MADUREIRA;M;15/07/2019;71001-MECANICO DE MANUTENÇÃO I;01/11/2019;14;08-18 seg-qui / 08-17 sex PRO;L402031;CONTRATO 017;1;Empregado;1;Solteiro;7;Ensino Médio Completo;29/08/1972;10;Brasileiro;4;Parda;3554.96;01/11/2019;1;Trabalhando;;0;
1691;LARIENE COSTA PACHECO;F;01/08/2019;24-AUX.ADMINISTRATIVO;02/08/2019;1;08-18 seg-qui / 08-17 sex ADM;L401006;CONTRATO 086;1;Empregado;1;Solteiro;8;Superior Incompleto;13/06/1994;10;Brasileiro;1;Branca;1600;01/08/2019;1;Trabalhando;;0;
1692;ROSIMEIRE BORGES ALCÂNTARA;F;01/08/2019;3004-ALMOXARIFE PLENO;01/08/2019;14;08-18 seg-qui / 08-17 sex PRO;L401005;ARMAZEM DE PRODUTOS 049;1;Empregado;1;Solteiro;7;Ensino Médio Completo;08/11/1977;10;Brasileiro;1;Branca;1800;01/08/2019;1;Trabalhando;;0;
1693;ELIECIO ROMÃO CARVALHAL;M;02/08/2019;40001-AUXILIAR DE SERVIÇOS GERAIS;02/08/2019;13;07-17 seg-qui / 07-16 sex COP;212H05NM71;CONTRATO 166;1;Empregado;2;Casado;6;Ensino Médio Incompleto;09/10/1962;10;Brasileiro;4;Parda;1098.51;02/08/2019;1;Trabalhando;;0;
1694;ALRILENE DORNELES LEITÃO;F;02/08/2019;87001-RETOCADOR I;02/08/2019;22;06-12/12-18/22-05 REV 6x2 PRO;L402095;CONTRATO 153;1;Empregado;2;Casado;7;Ensino Médio Completo;20/08/1980;10;Brasileiro;4;Parda;1786.69;02/08/2019;1;Trabalhando;;0;
1695;AREA ANTUNES GOUVEIA;F;05/08/2019;109001-GERENTE COMERCIAL BREM;05/08/2019;1;08-18 seg-qui / 08-17 sex ADM;L302002;ARMAZEM DE PRODUTOS 035;1;Empregado;2;Casado;10;Pós-Graduação/Espec.Completo;03/06/1981;10;Brasileiro;4;Parda;15000;05/08/2019;7;Demitido;02/03/2020;7;Transferencia p/ Outra Filial
1696;DOUGLIANE AZEVEDO PEÇANHA;F;05/08/2019;64-GESTOR DE REDES E SISTEMAS;20/01/2020;14;08-18 seg-qui / 08-17 sex PRO;L104001;CONTRATO 030;1;Empregado;2;Casado;9;Superior Completo;11/01/1981;10;Brasileiro;1;Branca;5000;05/08/2019;1;Trabalhando;;0;
1697;EDIDA ANTUNES LEITE;F;02/08/2019;24001-AUX.ADM.JR;02/08/2019;1;08-18 seg-qui / 08-17 sex ADM;L402011;CONTRATO 013;1;Empregado;1;Solteiro;8;Superior Incompleto;25/10/2000;10;Brasileiro;1;Branca;1600;02/08/2019;1;Trabalhando;;0;
1698;NATTAN NEGREIROS VALENTE;M;02/09/2019;129001-AUXILIAR DE MANUTENÇÃO PREDIAL;02/09/2019;14;08-18 seg-qui / 08-17 sex PRO;L401001;CONTRATO 165;1;Empregado;1;Solteiro;6;Ensino Médio Incompleto;31/08/1989;10;Brasileiro;4;Parda;1497.72;02/09/2019;1;Trabalhando;;0;
1699;CASIO FRANÇA PEDROSO;M;02/09/2019;140001-ENCARREGADO DE ALMOXARIFADO;02/09/2019;14;08-18 seg-qui / 08-17 sex PRO;L401005;ARMAZEM DE PRODUTOS 049;1;Empregado;1;Solteiro;8;Superior Incompleto;14/09/1981;10;Brasileiro;4;Parda;2500;02/09/2019;1;Trabalhando;;0;
1700;LAISSON FROTA NEVES;M;04/09/2019;76001-OPERADOR DE PONTE ROLANTE I;04/09/2019;14;08-18 seg-qui / 08-17 sex PRO;L402101;CONTRATO 011;1;Empregado;1;Solteiro;7;Ensino Médio Completo;01/09/1992;10;Brasileiro;1;Branca;1786.69;04/09/2019;7;Demitido;10/06/2020;7;Transferencia p/ Outra Filial
1702;GIANETE PARGA MADURO;F;04/09/2019;71001-MECANICO DE MANUTENÇÃO I;04/09/2019;14;08-18 seg-qui / 08-17 sex PRO;L402031;CONTRATO 017;1;Empregado;2;Casado;7;Ensino Médio Completo;28/01/1964;10;Brasileiro;1;Branca;3554.96;04/09/2019;2;Férias;;0;
1703;JOAQUÍN COUTO LOPES;M;09/09/2019;35004-ASSISTENTE COMERCIAL EXPORTACAO;09/09/2019;1;08-18 seg-qui / 08-17 sex ADM;212H02BN00;ARMAZEM DE PRODUTOS 047;1;Empregado;2;Casado;8;Superior Incompleto;07/06/1982;10;Brasileiro;4;Parda;2597.33;09/09/2019;1;Trabalhando;;0;
1704;ALENSON RAMOS ADÃES;M;23/09/2019;102001-GESTOR DE PROJETOS;23/09/2019;1;08-18 seg-qui / 08-17 sex ADM;L302802;ARMAZEM DE PRODUTOS 046;1;Empregado;2;Casado;9;Superior Completo;31/01/1987;10;Brasileiro;1;Branca;6725;23/09/2019;1;Trabalhando;;0;
1705;SONINO MOREIRA LEME;M;23/09/2019;14003-ASSISTENTE ADM. COMERCIAL SR;23/09/2019;1;08-18 seg-qui / 08-17 sex ADM;L302801;CONTRATO 027;1;Empregado;1;Solteiro;8;Superior Incompleto;14/02/1986;10;Brasileiro;1;Branca;3047.03;23/09/2019;1;Trabalhando;;0;
1706;FELIBERTO FONTES MATOS;M;03/10/2019;40001-AUXILIAR DE SERVIÇOS GERAIS;03/10/2019;13;07-17 seg-qui / 07-16 sex COP;212H05NM71;CONTRATO 166;1;Empregado;1;Solteiro;7;Ensino Médio Completo;29/05/1983;10;Brasileiro;4;Parda;1098.51;03/10/2019;1;Trabalhando;;0;
1707;ALRENIZA BORGES SANTARROSA;F;22/10/2019;102001-GESTOR DE PROJETOS;22/10/2019;1;08-18 seg-qui / 08-17 sex ADM;L302002;ARMAZEM DE PRODUTOS 035;1;Empregado;7;União Estável;8;Superior Incompleto;31/05/1980;10;Brasileiro;1;Branca;5500;22/10/2019;7;Demitido;10/01/2020;7;Transferencia p/ Outra Filial
1708;JOICENEIA FIGO CAMINHA;F;04/11/2019;91-SUPERVISOR MARKETING COMERCIAL;04/11/2019;1;08-18 seg-qui / 08-17 sex ADM;212HG4XB60;CONTRATO 041;1;Empregado;2;Casado;10;Pós-Graduação/Espec.Completo;18/05/1974;10;Brasileiro;1;Branca;12000;04/11/2019;1;Trabalhando;;0;
1709;AIRLES TORQUATO VALENÇA;M;07/11/2019;20001-AUX.FATURAMENTO JR;07/11/2019;1;08-18 seg-qui / 08-17 sex ADM;L301002;CONTRATO 059;1;Empregado;1;Solteiro;7;Ensino Médio Completo;03/07/1998;10;Brasileiro;4;Parda;1710.02;07/11/2019;7;Demitido;09/06/2020;2;Inic.Empresa s/ Justa Causa
1710;DIZOLINA SANTANDER PEIXOTO;F;09/12/2019;59001-ESTAGIARIO;09/12/2019;8;08-15 seg-sex EST;L102001;CONTRATO 134;5;Estagiário;1;Solteiro;8;Superior Incompleto;06/12/1996;10;Brasileiro;1;Branca;900;09/12/2019;1;Trabalhando;;0;
1711;MARCINALDO POETA PASCOAL;M;09/12/2019;59001-ESTAGIARIO;09/12/2019;8;08-15 seg-sex EST;L102002;CONTRATO 001;5;Estagiário;1;Solteiro;8;Superior Incompleto;03/10/1996;10;Brasileiro;1;Branca;900;09/12/2019;7;Demitido;24/03/2020;4;Inic.Empregado s/ Justa Causa
1712;CESALPINO HORA MARTINS;M;06/01/2020;24-AUX.ADMINISTRATIVO;06/01/2020;1;08-18 seg-qui / 08-17 sex ADM;L104001;CONTRATO 030;1;Empregado;1;Solteiro;8;Superior Incompleto;24/01/2000;10;Brasileiro;4;Parda;1600;06/01/2020;1;Trabalhando;;0;
1713;ARITZ PACHECO QUEIRÓS;M;08/07/2019;63001-GESTOR DE CLIENTES I;08/07/2019;1;08-18 seg-qui / 08-17 sex ADM;L302102;ARMAZEM DE PRODUTOS 037;1;Empregado;1;Solteiro;9;Superior Completo;12/04/1983;10;Brasileiro;1;Branca;4000;08/07/2019;1;Trabalhando;;0;
1715;GERCILIA ASCENSÃO SOUSA;F;10/06/2019;63001-GESTOR DE CLIENTES I;10/06/2019;1;08-18 seg-qui / 08-17 sex ADM;L302002;ARMAZEM DE PRODUTOS 035;1;Empregado;1;Solteiro;10;Pós-Graduação/Espec.Completo;14/09/1975;10;Brasileiro;1;Branca;4109.7;10/06/2019;1;Trabalhando;;0;
1718;ALONSO MARQUES PAIXÃO;M;08/07/2019;102001-GESTOR DE PROJETOS;08/07/2019;1;08-18 seg-qui / 08-17 sex ADM;L302002;ARMAZEM DE PRODUTOS 035;1;Empregado;2;Casado;9;Superior Completo;21/02/1984;10;Brasileiro;1;Branca;4000;08/07/2019;6;Licença Maternidade;;0;
1719;CRESCENCIO HOMEM LOCATELLI;M;22/10/2019;102001-GESTOR DE PROJETOS;22/10/2019;1;08-18 seg-qui / 08-17 sex ADM;L302002;ARMAZEM DE PRODUTOS 035;1;Empregado;7;União Estável;8;Superior Incompleto;31/05/1980;10;Brasileiro;1;Branca;5500;22/10/2019;1;Trabalhando;;0;
1720;MARNE CARMO DIAS;M;25/03/2019;63001-GESTOR DE CLIENTES I;25/03/2019;1;08-18 seg-qui / 08-17 sex ADM;L302002;ARMAZEM DE PRODUTOS 035;1;Empregado;2;Casado;7;Ensino Médio Completo;23/12/1986;10;Brasileiro;1;Branca;4863.51;02/05/2019;1;Trabalhando;;0;
1721;NEIFE HORA UCHOA;M;15/01/2020;84-RESPONSAVEL PROCESSO ARMAZEM;15/01/2020;1;08-18 seg-qui / 08-17 sex ADM;L302803;CONTRATO 066;1;Empregado;2;Casado;9;Superior Completo;26/07/1984;10;Brasileiro;0;Não Informado;3050;15/01/2020;1;Trabalhando;;0;
1723;WORLEY SANTIAGO PENSAMENTO;M;22/01/2020;11001-APRENDIZ SERV.ADMINISTRATIVO;22/01/2020;38;14:00 as 18:00 aprendizagem;L102002;CONTRATO 001;6;Aprendiz;1;Solteiro;4;6º ao 9º Incompleto Ens.Fund.;22/07/2005;10;Brasileiro;4;Parda;522.5;02/03/2020;1;Trabalhando;;0;
1724;AMAZONITA USTRA FERROLHO;F;22/01/2020;11001-APRENDIZ SERV.ADMINISTRATIVO;22/01/2020;38;14:00 as 18:00 aprendizagem;L102002;CONTRATO 001;6;Aprendiz;1;Solteiro;6;Ensino Médio Incompleto;14/02/2003;10;Brasileiro;4;Parda;522.5;02/03/2020;1;Trabalhando;;0;
1725;DALRILENE ANDRADE ANDRADA;F;22/01/2020;11001-APRENDIZ SERV.ADMINISTRATIVO;22/01/2020;38;14:00 as 18:00 aprendizagem;L301002;CONTRATO 059;6;Aprendiz;1;Solteiro;6;Ensino Médio Incompleto;15/08/2003;10;Brasileiro;1;Branca;522.5;02/03/2020;1;Trabalhando;;0;
1726;ANICE BOLSONARO ANDRADA;F;22/01/2020;11001-APRENDIZ SERV.ADMINISTRATIVO;22/01/2020;38;14:00 as 18:00 aprendizagem;L401005;ARMAZEM DE PRODUTOS 049;6;Aprendiz;1;Solteiro;6;Ensino Médio Incompleto;01/02/2005;10;Brasileiro;0;Não Informado;522.5;02/03/2020;1;Trabalhando;;0;
1727;ALGEMIR LUZ CAMÕES;M;22/01/2020;11001-APRENDIZ SERV.ADMINISTRATIVO;22/01/2020;38;14:00 as 18:00 aprendizagem;L103001;ADMINISTRAÇÃO;6;Aprendiz;1;Solteiro;7;Ensino Médio Completo;09/08/2003;10;Brasileiro;4;Parda;522.5;02/03/2020;1;Trabalhando;;0;
1728;FUMIAKI SEIXAS BORBA;M;22/01/2020;11001-APRENDIZ SERV.ADMINISTRATIVO;22/01/2020;38;14:00 as 18:00 aprendizagem;L402011;CONTRATO 013;6;Aprendiz;1;Solteiro;6;Ensino Médio Incompleto;23/02/2004;10;Brasileiro;1;Branca;522.5;02/03/2020;1;Trabalhando;;0;
1729;ZIDORIO AGUIAR MARQUES;M;22/01/2020;113001-AUX LINHA DE PRODUÇÃO SERRARIA;22/01/2020;14;08-18 seg-qui / 08-17 sex PRO;L402041;CONTRATO 029;1;Empregado;1;Solteiro;7;Ensino Médio Completo;26/10/1998;10;Brasileiro;4;Parda;1416.92;22/01/2020;1;Trabalhando;;0;
1730;GREGÓRIO USTRA LOCATELLI;M;22/01/2020;113001-AUX LINHA DE PRODUÇÃO SERRARIA;22/01/2020;5;14-21 e 06-14 seg-sáb PRO;L402041;CONTRATO 029;1;Empregado;7;União Estável;7;Ensino Médio Completo;01/11/1995;10;Brasileiro;4;Parda;1416.92;22/01/2020;1;Trabalhando;;0;
1731;DECIMO FONTES SACRAMENTO;M;22/01/2020;59001-ESTAGIARIO;22/01/2020;8;08-15 seg-sex EST;212HG4XB60;CONTRATO 041;5;Estagiário;1;Solteiro;8;Superior Incompleto;07/07/1998;10;Brasileiro;1;Branca;1400;22/01/2020;1;Trabalhando;;0;
1732;FEDELE VASCONCELOS DIAS;M;28/01/2020;59001-ESTAGIARIO;28/01/2020;10;11-18 seg-qui / 10-17 sex EST;L401005;ARMAZEM DE PRODUTOS 049;5;Estagiário;1;Solteiro;7;Ensino Médio Completo;06/06/2002;10;Brasileiro;1;Branca;900;28/01/2020;1;Trabalhando;;0;
1733;ALBARO ALENCAR NASCIMENTO;M;03/02/2020;62001-GERENTE DE RECURSOS HUMANOS;03/02/2020;1;08-18 seg-qui / 08-17 sex ADM;L103001;ADMINISTRAÇÃO;1;Empregado;2;Casado;10;Pós-Graduação/Espec.Completo;08/11/1979;10;Brasileiro;1;Branca;10100;25/05/2020;1;Trabalhando;;0;
1734;MEDICI DIAS HOLANDA;M;10/02/2020;63001-GESTOR DE CLIENTES I;10/02/2020;1;08-18 seg-qui / 08-17 sex ADM;L302002;ARMAZEM DE PRODUTOS 035;1;Empregado;2;Casado;9;Superior Completo;20/06/1984;10;Brasileiro;1;Branca;5500;10/02/2020;1;Trabalhando;;0;
1735;AGOSTINHA MALTA GONÇALVES;F;17/02/2020;27001-AJUDANTE DE LAMINAÇÃO;17/02/2020;14;08-18 seg-qui / 08-17 sex PRO;L420410;CONTRATO 031;1;Empregado;1;Solteiro;7;Ensino Médio Completo;13/03/1988;10;Brasileiro;1;Branca;1660.94;17/02/2020;1;Trabalhando;;0;
1736;JEREMIAH AMARAL PASCAL;M;17/02/2020;27001-AJUDANTE DE LAMINAÇÃO;17/02/2020;22;06-12/12-18/22-05 REV 6x2 PRO;L420410;CONTRATO 031;1;Empregado;2;Casado;7;Ensino Médio Completo;19/10/1983;10;Brasileiro;2;Preta;1660.94;17/02/2020;1;Trabalhando;;0;
1737;HENRIKY SAMPAULO PINTO;M;26/02/2020;37001-AUXILIAR LINHA DE PRODUÇÃO DES;26/02/2020;14;08-18 seg-qui / 08-17 sex PRO;L402067;CONTRATO 051;1;Empregado;2;Casado;7;Ensino Médio Completo;22/04/1977;10;Brasileiro;4;Parda;1416.92;26/02/2020;1;Trabalhando;;0;
1738;ALDIAN GUSMÃO VALENÇA;M;26/02/2020;37001-AUXILIAR LINHA DE PRODUÇÃO DES;26/02/2020;14;08-18 seg-qui / 08-17 sex PRO;L402067;CONTRATO 051;1;Empregado;2;Casado;7;Ensino Médio Completo;04/05/1988;10;Brasileiro;4;Parda;1416.92;26/02/2020;1;Trabalhando;;0;
1739;RUTIELE VAZ BERMUDES;F;05/08/2019;109001-GERENTE COMERCIAL BREM;05/08/2019;1;08-18 seg-qui / 08-17 sex ADM;L302002;ARMAZEM DE PRODUTOS 035;1;Empregado;2;Casado;10;Pós-Graduação/Espec.Completo;03/06/1981;10;Brasileiro;4;Parda;15000;05/08/2019;1;Trabalhando;;0;
1740;ANAMARES BISPO BERNARDES;F;09/03/2020;90-SUPERVISOR COMPRAS ALMOXARIFAD;09/03/2020;1;08-18 seg-qui / 08-17 sex ADM;L401005;ARMAZEM DE PRODUTOS 049;1;Empregado;2;Casado;9;Superior Completo;30/11/1978;10;Brasileiro;4;Parda;6000;09/03/2020;1;Trabalhando;;0;
1741;NILDAIR SEIXAS FALQUETO;F;15/06/2020;14001-ASSISTENTE ADM. COMERCIAL JR;15/06/2020;1;08-18 seg-qui / 08-17 sex ADM;L302001;CONTRATO 008;1;Empregado;1;Solteiro;9;Superior Completo;20/06/1989;10;Brasileiro;1;Branca;2600;15/06/2020;1;Trabalhando;;0;
1743;JONIVAN PIRES CARDOSO;M;04/09/2019;76001-OPERADOR DE PONTE ROLANTE I;04/09/2019;14;08-18 seg-qui / 08-17 sex PRO;L402101;CONTRATO 011;1;Empregado;1;Solteiro;7;Ensino Médio Completo;01/09/1992;10;Brasileiro;1;Branca;1786.69;04/09/2019;2;Férias;;0;
1744;CLAIRI DIAS PAIXÃO;F;01/02/2017;66001-LIDER DE EXPEDIÇÃO I;01/11/2019;14;08-18 seg-qui / 08-17 sex PRO;L402101;CONTRATO 011;1;Empregado;2;Casado;4;6º ao 9º Incompleto Ens.Fund.;01/12/1986;10;Brasileiro;1;Branca;2402.53;10/03/2020;1;Trabalhando;;0;
1745;WEIK PEDROSO MORAES;M;19/10/2016;44002-CONTROLADOR DE ESTOQUE I;10/06/2020;14;08-18 seg-qui / 08-17 sex PRO;L402101;CONTRATO 011;1;Empregado;3;Divorciado;6;Ensino Médio Incompleto;27/01/1978;10;Brasileiro;1;Branca;2159.26;03/05/2019;1;Trabalhando;;0;
1746;LUDMILIA NEGRETE FREITAS;F;08/07/2020;11001-APRENDIZ SERV.ADMINISTRATIVO;08/07/2020;38;14:00 as 18:00 aprendizagem;L301002;CONTRATO 059;6;Aprendiz;1;Solteiro;6;Ensino Médio Incompleto;14/03/2003;10;Brasileiro;1;Branca;522.5;08/07/2020;1;Trabalhando;;0;
1747;VERONICIO CUNHA BRASILIENSE;M;08/07/2020;11001-APRENDIZ SERV.ADMINISTRATIVO;08/07/2020;38;14:00 as 18:00 aprendizagem;L102002;CONTRATO 001;6;Aprendiz;1;Solteiro;6;Ensino Médio Incompleto;12/02/2005;10;Brasileiro;1;Branca;522.5;08/07/2020;1;Trabalhando;;0;
1748;MARIGELSON ZAMPOL CARMO;M;08/07/2020;11001-APRENDIZ SERV.ADMINISTRATIVO;08/07/2020;38;14:00 as 18:00 aprendizagem;L102001;CONTRATO 134;6;Aprendiz;1;Solteiro;7;Ensino Médio Completo;12/02/2005;10;Brasileiro;4;Parda;522.5;08/07/2020;1;Trabalhando;;0;
1749;CLENILSO ADÃES CURADO;M;08/07/2020;11001-APRENDIZ SERV.ADMINISTRATIVO;08/07/2020;38;14:00 as 18:00 aprendizagem;L402011;CONTRATO 013;6;Aprendiz;1;Solteiro;6;Ensino Médio Incompleto;23/05/2003;10;Brasileiro;4;Parda;522.5;08/07/2020;1;Trabalhando;;0;
